,file,type,chain_strength,energy,input_values,qpu
0,p1,raw,1.5,0.0,18316784152669069312,DW_2000Q_6
1,p1,raw,1.5,0.0,18438711647938801664,DW_2000Q_6
2,p1,raw,1.5,2.0,18438817228401434624,DW_2000Q_6
3,p1,raw,1.5,2.0,18282328520849600512,DW_2000Q_6
4,p1,raw,1.5,2.0,18283162185425836032,DW_2000Q_6
5,p1,raw,1.5,2.0,18417460762804555776,DW_2000Q_6
6,p1,raw,1.5,2.0,18226629283325220864,DW_2000Q_6
7,p1,raw,1.5,2.0,18286290774628702208,DW_2000Q_6
8,p1,raw,1.5,2.0,18442278215238639616,DW_2000Q_6
9,p1,raw,1.5,2.0,18259255161178173440,DW_2000Q_6
10,p1,raw,1.5,2.0,18439415705498169344,DW_2000Q_6
11,p1,raw,1.5,2.0,18433499076079788032,DW_2000Q_6
12,p1,raw,1.5,4.0,18230927950984327168,DW_2000Q_6
13,p1,raw,1.5,4.0,18168900685915908096,DW_2000Q_6
14,p1,raw,1.5,4.0,18236419952766300160,DW_2000Q_6
15,p1,raw,1.5,4.0,18387352617991294976,DW_2000Q_6
16,p1,raw,1.5,4.0,18438145845053976576,DW_2000Q_6
17,p1,raw,1.5,4.0,18204102001122879488,DW_2000Q_6
18,p1,raw,1.5,4.0,18262668179437889536,DW_2000Q_6
19,p1,raw,1.5,4.0,18413176540247252992,DW_2000Q_6
20,p1,raw,1.5,4.0,18253215648735780864,DW_2000Q_6
21,p1,raw,1.5,4.0,18263809336427671552,DW_2000Q_6
22,p1,raw,1.5,4.0,18257953501818214400,DW_2000Q_6
23,p1,raw,1.5,4.0,18426301831810885632,DW_2000Q_6
24,p1,raw,1.5,4.0,18168914747636424704,DW_2000Q_6
25,p1,raw,1.5,6.0,17715049708195026944,DW_2000Q_6
26,p1,raw,1.5,6.0,18272489370004488192,DW_2000Q_6
27,p1,raw,1.5,6.0,18262750917704505344,DW_2000Q_6
28,p1,raw,1.5,6.0,18420909767295979520,DW_2000Q_6
29,p1,raw,1.5,6.0,18173845232451147776,DW_2000Q_6
30,p1,raw,1.5,6.0,18443929077053085696,DW_2000Q_6
31,p1,raw,1.5,6.0,18422813158524268544,DW_2000Q_6
32,p1,raw,1.5,6.0,18263776493315903488,DW_2000Q_6
33,p1,raw,1.5,6.0,18442425001215350784,DW_2000Q_6
34,p1,raw,1.5,6.0,18293243330355392512,DW_2000Q_6
35,p1,raw,1.5,6.0,18272008874296561664,DW_2000Q_6
36,p1,raw,1.5,6.0,13113741875715076096,DW_2000Q_6
37,p1,raw,1.5,8.0,18258982560560046080,DW_2000Q_6
38,p1,raw,1.5,8.0,18388359276922535936,DW_2000Q_6
39,p1,raw,1.5,8.0,18187355689548654592,DW_2000Q_6
40,p1,raw,1.5,8.0,18271653324790192128,DW_2000Q_6
41,p1,raw,1.5,8.0,18243486237772271616,DW_2000Q_6
42,p1,raw,1.5,8.0,18290797964595585024,DW_2000Q_6
43,p1,raw,1.5,8.0,17100241396741464064,DW_2000Q_6
44,p1,raw,1.5,8.0,18208179485771698176,DW_2000Q_6
45,p1,raw,1.5,8.0,18239967740720277504,DW_2000Q_6
46,p1,raw,1.5,8.0,18264269016273661952,DW_2000Q_6
47,p1,raw,1.5,8.0,18430469812257423360,DW_2000Q_6
48,p1,raw,1.5,8.0,18423378660174745600,DW_2000Q_6
49,p1,raw,1.5,8.0,18173820020981374976,DW_2000Q_6
50,p1,raw,1.5,8.0,18259962635438944256,DW_2000Q_6
51,p1,raw,1.5,8.0,18438102211607789568,DW_2000Q_6
52,p1,raw,1.5,8.0,18171829967358943232,DW_2000Q_6
53,p1,raw,1.5,8.0,18245579707946852352,DW_2000Q_6
54,p1,raw,1.5,8.0,18256787588012275712,DW_2000Q_6
55,p1,raw,1.5,8.0,17407788891550654464,DW_2000Q_6
56,p1,raw,1.5,8.0,18424406624912132096,DW_2000Q_6
57,p1,raw,1.5,8.0,12497513900945403904,DW_2000Q_6
58,p1,raw,1.5,8.0,18443567323919630336,DW_2000Q_6
59,p1,raw,1.5,10.0,18415992124172236800,DW_2000Q_6
60,p1,raw,1.5,10.0,18254567845633445888,DW_2000Q_6
61,p1,raw,1.5,10.0,18244472408208271360,DW_2000Q_6
62,p1,raw,1.5,10.0,18205229498410278912,DW_2000Q_6
63,p1,raw,1.5,10.0,18308917211897077760,DW_2000Q_6
64,p1,raw,1.5,10.0,18416788090073571328,DW_2000Q_6
65,p1,raw,1.5,10.0,18389412119402240000,DW_2000Q_6
66,p1,raw,1.5,10.0,17985423659563823104,DW_2000Q_6
67,p1,raw,1.5,10.0,18261507047327152128,DW_2000Q_6
68,p1,raw,1.5,10.0,18298361302696529920,DW_2000Q_6
69,p1,raw,1.5,10.0,18402367559673044992,DW_2000Q_6
70,p1,raw,1.5,10.0,18438425119797364736,DW_2000Q_6
71,p1,raw,1.5,12.0,18273459689871581184,DW_2000Q_6
72,p1,raw,1.5,12.0,18183087678188773376,DW_2000Q_6
73,p1,raw,1.5,12.0,18273730713800339456,DW_2000Q_6
74,p1,raw,1.5,12.0,18190126597864644608,DW_2000Q_6
75,p1,raw,1.5,12.0,18379779168091463680,DW_2000Q_6
76,p1,raw,1.5,12.0,18254183044515586048,DW_2000Q_6
77,p1,raw,1.5,12.0,18253497159745669120,DW_2000Q_6
78,p1,raw,1.5,12.0,18254288603519639552,DW_2000Q_6
79,p1,raw,1.5,12.0,18208255764399329280,DW_2000Q_6
80,p1,raw,1.5,12.0,18209835013215168512,DW_2000Q_6
81,p1,raw,1.5,12.0,18424806224945631232,DW_2000Q_6
82,p1,raw,1.5,12.0,18246055512174843904,DW_2000Q_6
83,p1,raw,1.5,14.0,18399249456380485632,DW_2000Q_6
84,p1,raw,1.5,14.0,18254345784818229248,DW_2000Q_6
85,p1,raw,1.5,14.0,18236314889846740992,DW_2000Q_6
86,p1,raw,1.5,14.0,18235832822713098240,DW_2000Q_6
87,p1,raw,1.5,14.0,18328744370577149952,DW_2000Q_6
88,p1,raw,1.5,14.0,18235593605919348736,DW_2000Q_6
89,p1,raw,1.5,14.0,18239788248215523328,DW_2000Q_6
90,p1,raw,1.5,14.0,18416418396749295616,DW_2000Q_6
91,p1,raw,1.5,14.0,18261744806600069120,DW_2000Q_6
92,p1,raw,1.5,16.0,18237417706011471872,DW_2000Q_6
93,p1,raw,1.5,16.0,18258281212319305728,DW_2000Q_6
94,p1,raw,1.5,16.0,18255068157280020480,DW_2000Q_6
95,p1,raw,1.5,16.0,18254839544964390912,DW_2000Q_6
96,p1,raw,1.5,18.0,10976908529439936512,DW_2000Q_6
97,p1,raw,1.5,18.0,18289864546115600384,DW_2000Q_6
98,p1,raw,1.5,20.0,18253334228432285696,DW_2000Q_6
99,p1,raw,1.5,24.0,18254556957555400704,DW_2000Q_6
100,p1,pp_local_search,1.5,0.0,18438711647938801664,DW_2000Q_6
101,p1,pp_local_search,1.5,0.0,18316784152669069312,DW_2000Q_6
102,p1,pp_local_search,1.5,2.0,18282328520849600512,DW_2000Q_6
103,p1,pp_local_search,1.5,2.0,18438817228401434624,DW_2000Q_6
104,p1,pp_local_search,1.5,2.0,18272008874296561664,DW_2000Q_6
105,p1,pp_local_search,1.5,2.0,18442278215238639616,DW_2000Q_6
106,p1,pp_local_search,1.5,2.0,18413176540247252992,DW_2000Q_6
107,p1,pp_local_search,1.5,2.0,18433499076079788032,DW_2000Q_6
108,p1,pp_local_search,1.5,2.0,18293243330355392512,DW_2000Q_6
109,p1,pp_local_search,1.5,2.0,18259255161178173440,DW_2000Q_6
110,p1,pp_local_search,1.5,2.0,18204102001122879488,DW_2000Q_6
111,p1,pp_local_search,1.5,2.0,18283162185425836032,DW_2000Q_6
112,p1,pp_local_search,1.5,2.0,18226629283325220864,DW_2000Q_6
113,p1,pp_local_search,1.5,2.0,18417460762804555776,DW_2000Q_6
114,p1,pp_local_search,1.5,2.0,18286290774628702208,DW_2000Q_6
115,p1,pp_local_search,1.5,2.0,18439415705498169344,DW_2000Q_6
116,p1,pp_local_search,1.5,4.0,18187355689548654592,DW_2000Q_6
117,p1,pp_local_search,1.5,4.0,18426301831810885632,DW_2000Q_6
118,p1,pp_local_search,1.5,4.0,18263809336427671552,DW_2000Q_6
119,p1,pp_local_search,1.5,4.0,18290797964595585024,DW_2000Q_6
120,p1,pp_local_search,1.5,4.0,18387352617991294976,DW_2000Q_6
121,p1,pp_local_search,1.5,4.0,18424406624912132096,DW_2000Q_6
122,p1,pp_local_search,1.5,4.0,18420909767295979520,DW_2000Q_6
123,p1,pp_local_search,1.5,4.0,18416788090073571328,DW_2000Q_6
124,p1,pp_local_search,1.5,4.0,18236419952766300160,DW_2000Q_6
125,p1,pp_local_search,1.5,4.0,18271653324790192128,DW_2000Q_6
126,p1,pp_local_search,1.5,4.0,18422813158524268544,DW_2000Q_6
127,p1,pp_local_search,1.5,4.0,18438145845053976576,DW_2000Q_6
128,p1,pp_local_search,1.5,4.0,18388359276922535936,DW_2000Q_6
129,p1,pp_local_search,1.5,4.0,18168900685915908096,DW_2000Q_6
130,p1,pp_local_search,1.5,4.0,18245579707946852352,DW_2000Q_6
131,p1,pp_local_search,1.5,4.0,18272489370004488192,DW_2000Q_6
132,p1,pp_local_search,1.5,4.0,18253215648735780864,DW_2000Q_6
133,p1,pp_local_search,1.5,4.0,18262668179437889536,DW_2000Q_6
134,p1,pp_local_search,1.5,4.0,18423378660174745600,DW_2000Q_6
135,p1,pp_local_search,1.5,4.0,18257953501818214400,DW_2000Q_6
136,p1,pp_local_search,1.5,4.0,18230927950984327168,DW_2000Q_6
137,p1,pp_local_search,1.5,4.0,17715049708195026944,DW_2000Q_6
138,p1,pp_local_search,1.5,4.0,18263776493315903488,DW_2000Q_6
139,p1,pp_local_search,1.5,4.0,18438425119797364736,DW_2000Q_6
140,p1,pp_local_search,1.5,4.0,18443929077053085696,DW_2000Q_6
141,p1,pp_local_search,1.5,4.0,18168914747636424704,DW_2000Q_6
142,p1,pp_local_search,1.5,6.0,18443567323919630336,DW_2000Q_6
143,p1,pp_local_search,1.5,6.0,18442425001215350784,DW_2000Q_6
144,p1,pp_local_search,1.5,6.0,18273730713800339456,DW_2000Q_6
145,p1,pp_local_search,1.5,6.0,18173820020981374976,DW_2000Q_6
146,p1,pp_local_search,1.5,6.0,18173845232451147776,DW_2000Q_6
147,p1,pp_local_search,1.5,6.0,17407788891550654464,DW_2000Q_6
148,p1,pp_local_search,1.5,6.0,18262750917704505344,DW_2000Q_6
149,p1,pp_local_search,1.5,6.0,18258982560560046080,DW_2000Q_6
150,p1,pp_local_search,1.5,6.0,12497513900945403904,DW_2000Q_6
151,p1,pp_local_search,1.5,6.0,18208179485771698176,DW_2000Q_6
152,p1,pp_local_search,1.5,6.0,18239967740720277504,DW_2000Q_6
153,p1,pp_local_search,1.5,6.0,18264269016273661952,DW_2000Q_6
154,p1,pp_local_search,1.5,6.0,18424806224945631232,DW_2000Q_6
155,p1,pp_local_search,1.5,6.0,18259962635438944256,DW_2000Q_6
156,p1,pp_local_search,1.5,6.0,13113741875715076096,DW_2000Q_6
157,p1,pp_local_search,1.5,6.0,18430469812257423360,DW_2000Q_6
158,p1,pp_local_search,1.5,6.0,18258281212319305728,DW_2000Q_6
159,p1,pp_local_search,1.5,6.0,18298361302696529920,DW_2000Q_6
160,p1,pp_local_search,1.5,6.0,18438102211607789568,DW_2000Q_6
161,p1,pp_local_search,1.5,6.0,18253162901348311040,DW_2000Q_6
162,p1,pp_local_search,1.5,6.0,18415992124172236800,DW_2000Q_6
163,p1,pp_local_search,1.5,6.0,18256787588012275712,DW_2000Q_6
164,p1,pp_local_search,1.5,6.0,18402367559673044992,DW_2000Q_6
165,p1,pp_local_search,1.5,6.0,17985423659563823104,DW_2000Q_6
166,p1,pp_local_search,1.5,8.0,18243486237772271616,DW_2000Q_6
167,p1,pp_local_search,1.5,8.0,18253497159745669120,DW_2000Q_6
168,p1,pp_local_search,1.5,8.0,18389412119402240000,DW_2000Q_6
169,p1,pp_local_search,1.5,8.0,18236314889846740992,DW_2000Q_6
170,p1,pp_local_search,1.5,8.0,18235593605919348736,DW_2000Q_6
171,p1,pp_local_search,1.5,8.0,18208255764399329280,DW_2000Q_6
172,p1,pp_local_search,1.5,8.0,18190126597864644608,DW_2000Q_6
173,p1,pp_local_search,1.5,8.0,18416418396749295616,DW_2000Q_6
174,p1,pp_local_search,1.5,8.0,18246055512174843904,DW_2000Q_6
175,p1,pp_local_search,1.5,8.0,18205229498410278912,DW_2000Q_6
176,p1,pp_local_search,1.5,8.0,18171829967358943232,DW_2000Q_6
177,p1,pp_local_search,1.5,8.0,18183087678188773376,DW_2000Q_6
178,p1,pp_local_search,1.5,8.0,18254567845633445888,DW_2000Q_6
179,p1,pp_local_search,1.5,10.0,18254839544964390912,DW_2000Q_6
180,p1,pp_local_search,1.5,10.0,18379779168091463680,DW_2000Q_6
181,p1,pp_local_search,1.5,10.0,18399249456380485632,DW_2000Q_6
182,p1,pp_local_search,1.5,10.0,10976908529439936512,DW_2000Q_6
183,p1,pp_local_search,1.5,10.0,18261744806600069120,DW_2000Q_6
184,p1,pp_local_search,1.5,10.0,18273459689871581184,DW_2000Q_6
185,p1,pp_local_search,1.5,10.0,18254183044515586048,DW_2000Q_6
186,p1,pp_local_search,1.5,10.0,18254288603519639552,DW_2000Q_6
187,p1,pp_local_search,1.5,10.0,18261507047327152128,DW_2000Q_6
188,p1,pp_local_search,1.5,10.0,18235832822713098240,DW_2000Q_6
189,p1,pp_local_search,1.5,10.0,18289864546115600384,DW_2000Q_6
190,p1,pp_local_search,1.5,10.0,18308917211897077760,DW_2000Q_6
191,p1,pp_local_search,1.5,10.0,18209835013215168512,DW_2000Q_6
192,p1,pp_local_search,1.5,10.0,18239788248215523328,DW_2000Q_6
193,p1,pp_local_search,1.5,10.0,18254345784818229248,DW_2000Q_6
194,p1,pp_local_search,1.5,10.0,18328744370577149952,DW_2000Q_6
195,p1,pp_local_search,1.5,10.0,18244472408208271360,DW_2000Q_6
196,p1,pp_local_search,1.5,12.0,18237417706011471872,DW_2000Q_6
197,p1,pp_local_search,1.5,12.0,18253334228432285696,DW_2000Q_6
198,p1,pp_local_search,1.5,12.0,18255068157280020480,DW_2000Q_6
199,p1,pp_local_search,1.5,18.0,18254556957555400704,DW_2000Q_6
200,p1,raw,1.75,0.0,18276156090657689600,DW_2000Q_6
201,p1,raw,1.75,0.0,18280406394389004288,DW_2000Q_6
202,p1,raw,1.75,0.0,18443665318500417536,DW_2000Q_6
203,p1,raw,1.75,0.0,18299838668822841344,DW_2000Q_6
204,p1,raw,1.75,0.0,18281402585745072128,DW_2000Q_6
205,p1,raw,1.75,0.0,18425887626273243136,DW_2000Q_6
206,p1,raw,1.75,0.0,18272529771961110528,DW_2000Q_6
207,p1,raw,1.75,0.0,18272751076220256256,DW_2000Q_6
208,p1,raw,1.75,0.0,18424336821760493568,DW_2000Q_6
209,p1,raw,1.75,0.0,18280506587310157824,DW_2000Q_6
210,p1,raw,1.75,0.0,18407655315160891392,DW_2000Q_6
211,p1,raw,1.75,0.0,18265882533862844416,DW_2000Q_6
212,p1,raw,1.75,0.0,18272250443644944384,DW_2000Q_6
213,p1,raw,1.75,0.0,18264138608688627712,DW_2000Q_6
214,p1,raw,1.75,0.0,18440522378916347904,DW_2000Q_6
215,p1,raw,1.75,0.0,18338473202411323392,DW_2000Q_6
216,p1,raw,1.75,0.0,18272053709774999552,DW_2000Q_6
217,p1,raw,1.75,0.0,18430110632188499968,DW_2000Q_6
218,p1,raw,1.75,0.0,18295121560287000576,DW_2000Q_6
219,p1,raw,1.75,2.0,18264056665256628224,DW_2000Q_6
220,p1,raw,1.75,2.0,18249120880447492096,DW_2000Q_6
221,p1,raw,1.75,2.0,18245888893783451648,DW_2000Q_6
222,p1,raw,1.75,2.0,18284612042527064064,DW_2000Q_6
223,p1,raw,1.75,2.0,9849660779236212736,DW_2000Q_6
224,p1,raw,1.75,2.0,18301898276013764608,DW_2000Q_6
225,p1,raw,1.75,2.0,18320055902522183680,DW_2000Q_6
226,p1,raw,1.75,2.0,18164697809109145600,DW_2000Q_6
227,p1,raw,1.75,2.0,18442792670290749440,DW_2000Q_6
228,p1,raw,1.75,2.0,18285929498906058752,DW_2000Q_6
229,p1,raw,1.75,2.0,18408172972438388736,DW_2000Q_6
230,p1,raw,1.75,2.0,15686806320267550720,DW_2000Q_6
231,p1,raw,1.75,2.0,18425632563054399488,DW_2000Q_6
232,p1,raw,1.75,2.0,18442547929437130752,DW_2000Q_6
233,p1,raw,1.75,2.0,18236308722281521152,DW_2000Q_6
234,p1,raw,1.75,2.0,17128758326025129984,DW_2000Q_6
235,p1,raw,1.75,2.0,17948379556437981184,DW_2000Q_6
236,p1,raw,1.75,2.0,18200425169117863936,DW_2000Q_6
237,p1,raw,1.75,2.0,18433611140022087680,DW_2000Q_6
238,p1,raw,1.75,2.0,18273131614556143616,DW_2000Q_6
239,p1,raw,1.75,2.0,11511191729257988096,DW_2000Q_6
240,p1,raw,1.75,2.0,18271920651339020288,DW_2000Q_6
241,p1,raw,1.75,2.0,18435061088937052160,DW_2000Q_6
242,p1,raw,1.75,2.0,18283211051023286272,DW_2000Q_6
243,p1,raw,1.75,2.0,18282258487553310720,DW_2000Q_6
244,p1,raw,1.75,2.0,18229750751469064192,DW_2000Q_6
245,p1,raw,1.75,2.0,18301743588950294528,DW_2000Q_6
246,p1,raw,1.75,2.0,18283773383757811712,DW_2000Q_6
247,p1,raw,1.75,2.0,12169284716365694976,DW_2000Q_6
248,p1,raw,1.75,2.0,18169162431224041472,DW_2000Q_6
249,p1,raw,1.75,2.0,18411448904645945344,DW_2000Q_6
250,p1,raw,1.75,2.0,18406534115477045248,DW_2000Q_6
251,p1,raw,1.75,2.0,18348953226712727552,DW_2000Q_6
252,p1,raw,1.75,2.0,18268262420511473664,DW_2000Q_6
253,p1,raw,1.75,2.0,18280241675394265088,DW_2000Q_6
254,p1,raw,1.75,2.0,14983884442191142912,DW_2000Q_6
255,p1,raw,1.75,2.0,18300614306460643328,DW_2000Q_6
256,p1,raw,1.75,2.0,18272549862030200832,DW_2000Q_6
257,p1,raw,1.75,2.0,18244789504244115456,DW_2000Q_6
258,p1,raw,1.75,2.0,18299413742016468992,DW_2000Q_6
259,p1,raw,1.75,2.0,18225258010591375360,DW_2000Q_6
260,p1,raw,1.75,4.0,18299682140984242176,DW_2000Q_6
261,p1,raw,1.75,4.0,18009209535561805824,DW_2000Q_6
262,p1,raw,1.75,4.0,17525268982590083072,DW_2000Q_6
263,p1,raw,1.75,4.0,18440117620663672832,DW_2000Q_6
264,p1,raw,1.75,4.0,9914914803371497472,DW_2000Q_6
265,p1,raw,1.75,4.0,18444083809850427392,DW_2000Q_6
266,p1,raw,1.75,4.0,18302158232350117888,DW_2000Q_6
267,p1,raw,1.75,4.0,18380446235030808576,DW_2000Q_6
268,p1,raw,1.75,4.0,14951673046160975872,DW_2000Q_6
269,p1,raw,1.75,4.0,18317625992228196352,DW_2000Q_6
270,p1,raw,1.75,4.0,18289913692586661888,DW_2000Q_6
271,p1,raw,1.75,4.0,18425745375364917248,DW_2000Q_6
272,p1,raw,1.75,4.0,18282634419605682176,DW_2000Q_6
273,p1,raw,1.75,4.0,18318606731917987840,DW_2000Q_6
274,p1,raw,1.75,4.0,18272797088013402112,DW_2000Q_6
275,p1,raw,1.75,4.0,18271653790240698368,DW_2000Q_6
276,p1,raw,1.75,4.0,18407733201662287872,DW_2000Q_6
277,p1,raw,1.75,4.0,18172128070066067456,DW_2000Q_6
278,p1,raw,1.75,6.0,10229050259442241536,DW_2000Q_6
279,p1,raw,1.75,6.0,18440137815585744896,DW_2000Q_6
280,p1,raw,1.75,6.0,18296952265977970688,DW_2000Q_6
281,p1,raw,1.75,6.0,18235667166910922752,DW_2000Q_6
282,p1,raw,1.75,6.0,11572654727725770752,DW_2000Q_6
283,p1,raw,1.75,6.0,18258780181717325824,DW_2000Q_6
284,p1,raw,1.75,6.0,18299503199749560320,DW_2000Q_6
285,p1,raw,1.75,6.0,18253628989444796416,DW_2000Q_6
286,p1,raw,1.75,6.0,15895075387871160320,DW_2000Q_6
287,p1,raw,1.75,6.0,18262579126267949056,DW_2000Q_6
288,p1,raw,1.75,6.0,17991469885834608640,DW_2000Q_6
289,p1,raw,1.75,8.0,18172288293551501312,DW_2000Q_6
290,p1,raw,1.75,8.0,18281989764082171904,DW_2000Q_6
291,p1,raw,1.75,8.0,13236316064867094528,DW_2000Q_6
292,p1,raw,1.75,8.0,17428521843703711744,DW_2000Q_6
293,p1,raw,1.75,8.0,18298347693325373440,DW_2000Q_6
294,p1,raw,1.75,8.0,10066672433335113728,DW_2000Q_6
295,p1,raw,1.75,8.0,12354018450071676928,DW_2000Q_6
296,p1,raw,1.75,8.0,18428033714610454528,DW_2000Q_6
297,p1,raw,1.75,8.0,17993318492958046208,DW_2000Q_6
298,p1,raw,1.75,10.0,18174959184154087424,DW_2000Q_6
299,p1,raw,1.75,10.0,18224190847141146624,DW_2000Q_6
300,p1,pp_local_search,1.75,0.0,18276156090657689600,DW_2000Q_6
301,p1,pp_local_search,1.75,0.0,18264138608688627712,DW_2000Q_6
302,p1,pp_local_search,1.75,0.0,18443665318500417536,DW_2000Q_6
303,p1,pp_local_search,1.75,0.0,18425887626273243136,DW_2000Q_6
304,p1,pp_local_search,1.75,0.0,18299838668822841344,DW_2000Q_6
305,p1,pp_local_search,1.75,0.0,18272529771961110528,DW_2000Q_6
306,p1,pp_local_search,1.75,0.0,18281402585745072128,DW_2000Q_6
307,p1,pp_local_search,1.75,0.0,18272751076220256256,DW_2000Q_6
308,p1,pp_local_search,1.75,0.0,18424336821760493568,DW_2000Q_6
309,p1,pp_local_search,1.75,0.0,18302158232350117888,DW_2000Q_6
310,p1,pp_local_search,1.75,0.0,18280506587310157824,DW_2000Q_6
311,p1,pp_local_search,1.75,0.0,18407655315160891392,DW_2000Q_6
312,p1,pp_local_search,1.75,0.0,18265882533862844416,DW_2000Q_6
313,p1,pp_local_search,1.75,0.0,18272250443644944384,DW_2000Q_6
314,p1,pp_local_search,1.75,0.0,18280406394389004288,DW_2000Q_6
315,p1,pp_local_search,1.75,0.0,18440522378916347904,DW_2000Q_6
316,p1,pp_local_search,1.75,0.0,18348953226712727552,DW_2000Q_6
317,p1,pp_local_search,1.75,0.0,18338473202411323392,DW_2000Q_6
318,p1,pp_local_search,1.75,0.0,18273131614556143616,DW_2000Q_6
319,p1,pp_local_search,1.75,0.0,18430110632188499968,DW_2000Q_6
320,p1,pp_local_search,1.75,0.0,18272053709774999552,DW_2000Q_6
321,p1,pp_local_search,1.75,0.0,18295121560287000576,DW_2000Q_6
322,p1,pp_local_search,1.75,0.0,18442792670290747392,DW_2000Q_6
323,p1,pp_local_search,1.75,2.0,9849660779236212736,DW_2000Q_6
324,p1,pp_local_search,1.75,2.0,18245888893783451648,DW_2000Q_6
325,p1,pp_local_search,1.75,2.0,18318606731917987840,DW_2000Q_6
326,p1,pp_local_search,1.75,2.0,18272797088013402112,DW_2000Q_6
327,p1,pp_local_search,1.75,2.0,18301898276013764608,DW_2000Q_6
328,p1,pp_local_search,1.75,2.0,18164697809109145600,DW_2000Q_6
329,p1,pp_local_search,1.75,2.0,18320055902522183680,DW_2000Q_6
330,p1,pp_local_search,1.75,2.0,18271920651339020288,DW_2000Q_6
331,p1,pp_local_search,1.75,2.0,18285929498906058752,DW_2000Q_6
332,p1,pp_local_search,1.75,2.0,18264056665256628224,DW_2000Q_6
333,p1,pp_local_search,1.75,2.0,15686806320267550720,DW_2000Q_6
334,p1,pp_local_search,1.75,2.0,18425632563054399488,DW_2000Q_6
335,p1,pp_local_search,1.75,2.0,18442547929437130752,DW_2000Q_6
336,p1,pp_local_search,1.75,2.0,18236308722281521152,DW_2000Q_6
337,p1,pp_local_search,1.75,2.0,18284612042527064064,DW_2000Q_6
338,p1,pp_local_search,1.75,2.0,18435061088937052160,DW_2000Q_6
339,p1,pp_local_search,1.75,2.0,18200425169117863936,DW_2000Q_6
340,p1,pp_local_search,1.75,2.0,18433611140022087680,DW_2000Q_6
341,p1,pp_local_search,1.75,2.0,11511191729257988096,DW_2000Q_6
342,p1,pp_local_search,1.75,2.0,18408172972438388736,DW_2000Q_6
343,p1,pp_local_search,1.75,2.0,18289913692586661888,DW_2000Q_6
344,p1,pp_local_search,1.75,2.0,17128758326025129984,DW_2000Q_6
345,p1,pp_local_search,1.75,2.0,18283211051023286272,DW_2000Q_6
346,p1,pp_local_search,1.75,2.0,18249120880447492096,DW_2000Q_6
347,p1,pp_local_search,1.75,2.0,18244789504244115456,DW_2000Q_6
348,p1,pp_local_search,1.75,2.0,18300614306460643328,DW_2000Q_6
349,p1,pp_local_search,1.75,2.0,14983884442191142912,DW_2000Q_6
350,p1,pp_local_search,1.75,2.0,18299413742016468992,DW_2000Q_6
351,p1,pp_local_search,1.75,2.0,18406534115477045248,DW_2000Q_6
352,p1,pp_local_search,1.75,2.0,18268262420511473664,DW_2000Q_6
353,p1,pp_local_search,1.75,2.0,18169162431224041472,DW_2000Q_6
354,p1,pp_local_search,1.75,2.0,12169284716365694976,DW_2000Q_6
355,p1,pp_local_search,1.75,2.0,18225258010591375360,DW_2000Q_6
356,p1,pp_local_search,1.75,2.0,18296952265977970688,DW_2000Q_6
357,p1,pp_local_search,1.75,2.0,18411448904645945344,DW_2000Q_6
358,p1,pp_local_search,1.75,2.0,18283773383757811712,DW_2000Q_6
359,p1,pp_local_search,1.75,2.0,18229750751469064192,DW_2000Q_6
360,p1,pp_local_search,1.75,2.0,17948379556437981184,DW_2000Q_6
361,p1,pp_local_search,1.75,2.0,18301743588950294528,DW_2000Q_6
362,p1,pp_local_search,1.75,2.0,18280241675394265088,DW_2000Q_6
363,p1,pp_local_search,1.75,2.0,18282258487553310720,DW_2000Q_6
364,p1,pp_local_search,1.75,2.0,18272549862030200832,DW_2000Q_6
365,p1,pp_local_search,1.75,4.0,18172128070066067456,DW_2000Q_6
366,p1,pp_local_search,1.75,4.0,18281989764082171904,DW_2000Q_6
367,p1,pp_local_search,1.75,4.0,18444083809850427392,DW_2000Q_6
368,p1,pp_local_search,1.75,4.0,18224190847141146624,DW_2000Q_6
369,p1,pp_local_search,1.75,4.0,18299682140984242176,DW_2000Q_6
370,p1,pp_local_search,1.75,4.0,18298347693325373440,DW_2000Q_6
371,p1,pp_local_search,1.75,4.0,14951673046160975872,DW_2000Q_6
372,p1,pp_local_search,1.75,4.0,18172288293551501312,DW_2000Q_6
373,p1,pp_local_search,1.75,4.0,18440137815585744896,DW_2000Q_6
374,p1,pp_local_search,1.75,4.0,18009209535561805824,DW_2000Q_6
375,p1,pp_local_search,1.75,4.0,11572654727725770752,DW_2000Q_6
376,p1,pp_local_search,1.75,4.0,18440117620663672832,DW_2000Q_6
377,p1,pp_local_search,1.75,4.0,18271653790240698368,DW_2000Q_6
378,p1,pp_local_search,1.75,4.0,17428521843703711744,DW_2000Q_6
379,p1,pp_local_search,1.75,4.0,18317625992228196352,DW_2000Q_6
380,p1,pp_local_search,1.75,4.0,18380446235030808576,DW_2000Q_6
381,p1,pp_local_search,1.75,4.0,18425745375364917248,DW_2000Q_6
382,p1,pp_local_search,1.75,4.0,18282634419605682176,DW_2000Q_6
383,p1,pp_local_search,1.75,4.0,18299503199749560320,DW_2000Q_6
384,p1,pp_local_search,1.75,4.0,17525268982590083072,DW_2000Q_6
385,p1,pp_local_search,1.75,4.0,18407733201662287872,DW_2000Q_6
386,p1,pp_local_search,1.75,4.0,9914914803371497472,DW_2000Q_6
387,p1,pp_local_search,1.75,6.0,13236316064867094528,DW_2000Q_6
388,p1,pp_local_search,1.75,6.0,18258780181717325824,DW_2000Q_6
389,p1,pp_local_search,1.75,6.0,10229050259442241536,DW_2000Q_6
390,p1,pp_local_search,1.75,6.0,18235667166910922752,DW_2000Q_6
391,p1,pp_local_search,1.75,6.0,10066672433335113728,DW_2000Q_6
392,p1,pp_local_search,1.75,6.0,18428033714610454528,DW_2000Q_6
393,p1,pp_local_search,1.75,6.0,17993318492958046208,DW_2000Q_6
394,p1,pp_local_search,1.75,6.0,18262579126267949056,DW_2000Q_6
395,p1,pp_local_search,1.75,6.0,15895075387871160320,DW_2000Q_6
396,p1,pp_local_search,1.75,6.0,17991469885834608640,DW_2000Q_6
397,p1,pp_local_search,1.75,6.0,18253628989444796416,DW_2000Q_6
398,p1,pp_local_search,1.75,8.0,18174959184154087424,DW_2000Q_6
399,p1,pp_local_search,1.75,8.0,12354018450071676928,DW_2000Q_6
400,p1,raw,2.0,0.0,18433503090842804224,DW_2000Q_6
401,p1,raw,2.0,0.0,18386200259111921664,DW_2000Q_6
402,p1,raw,2.0,0.0,18421446639546269696,DW_2000Q_6
403,p1,raw,2.0,0.0,18298159446740981760,DW_2000Q_6
404,p1,raw,2.0,0.0,18300060594970316800,DW_2000Q_6
405,p1,raw,2.0,0.0,18410431383840038912,DW_2000Q_6
406,p1,raw,2.0,0.0,18272262842189029376,DW_2000Q_6
407,p1,raw,2.0,0.0,18430574798400462848,DW_2000Q_6
408,p1,raw,2.0,0.0,18278226230308773888,DW_2000Q_6
409,p1,raw,2.0,0.0,18330850122709950464,DW_2000Q_6
410,p1,raw,2.0,0.0,18446039180710137856,DW_2000Q_6
411,p1,raw,2.0,0.0,18370138842367547392,DW_2000Q_6
412,p1,raw,2.0,0.0,18442412285917476864,DW_2000Q_6
413,p1,raw,2.0,0.0,18383809168629719040,DW_2000Q_6
414,p1,raw,2.0,0.0,18416562235450910720,DW_2000Q_6
415,p1,raw,2.0,0.0,18286000042205804544,DW_2000Q_6
416,p1,raw,2.0,0.0,18427706206752886784,DW_2000Q_6
417,p1,raw,2.0,0.0,18279911201955530752,DW_2000Q_6
418,p1,raw,2.0,0.0,18349868026701430784,DW_2000Q_6
419,p1,raw,2.0,0.0,18311703394261123072,DW_2000Q_6
420,p1,raw,2.0,0.0,18425844623242924032,DW_2000Q_6
421,p1,raw,2.0,0.0,18422630316838457344,DW_2000Q_6
422,p1,raw,2.0,0.0,18382018751131045888,DW_2000Q_6
423,p1,raw,2.0,0.0,18292739789155188736,DW_2000Q_6
424,p1,raw,2.0,0.0,18404797755807789056,DW_2000Q_6
425,p1,raw,2.0,0.0,18305314616401334272,DW_2000Q_6
426,p1,raw,2.0,0.0,18410398482310148096,DW_2000Q_6
427,p1,raw,2.0,0.0,18331020673130311680,DW_2000Q_6
428,p1,raw,2.0,0.0,18430639857338304512,DW_2000Q_6
429,p1,raw,2.0,0.0,18267563952789155840,DW_2000Q_6
430,p1,raw,2.0,0.0,18392337091494092800,DW_2000Q_6
431,p1,raw,2.0,2.0,18402974587601293312,DW_2000Q_6
432,p1,raw,2.0,2.0,18178851618376198144,DW_2000Q_6
433,p1,raw,2.0,2.0,18271226735409061888,DW_2000Q_6
434,p1,raw,2.0,2.0,17900918563203645440,DW_2000Q_6
435,p1,raw,2.0,2.0,18295798893062354944,DW_2000Q_6
436,p1,raw,2.0,2.0,17795237972279166976,DW_2000Q_6
437,p1,raw,2.0,2.0,18281984426561636352,DW_2000Q_6
438,p1,raw,2.0,2.0,18261946475621134336,DW_2000Q_6
439,p1,raw,2.0,2.0,18244359682263889920,DW_2000Q_6
440,p1,raw,2.0,2.0,16957490999429971968,DW_2000Q_6
441,p1,raw,2.0,2.0,18424727781192488960,DW_2000Q_6
442,p1,raw,2.0,2.0,18240418377063335936,DW_2000Q_6
443,p1,raw,2.0,2.0,18184688281237864448,DW_2000Q_6
444,p1,raw,2.0,2.0,18261283439560806400,DW_2000Q_6
445,p1,raw,2.0,2.0,18295281725236103168,DW_2000Q_6
446,p1,raw,2.0,2.0,4045477282971070976,DW_2000Q_6
447,p1,raw,2.0,2.0,13310184367966674944,DW_2000Q_6
448,p1,raw,2.0,2.0,18429988648531130368,DW_2000Q_6
449,p1,raw,2.0,2.0,18421120274549964800,DW_2000Q_6
450,p1,raw,2.0,2.0,18426165615271831552,DW_2000Q_6
451,p1,raw,2.0,2.0,18339491978634805248,DW_2000Q_6
452,p1,raw,2.0,2.0,18259315648756979712,DW_2000Q_6
453,p1,raw,2.0,2.0,18294896534286487552,DW_2000Q_6
454,p1,raw,2.0,2.0,18277510704847994880,DW_2000Q_6
455,p1,raw,2.0,2.0,18260138415934527488,DW_2000Q_6
456,p1,raw,2.0,2.0,13561300908981080064,DW_2000Q_6
457,p1,raw,2.0,2.0,10211042592437882880,DW_2000Q_6
458,p1,raw,2.0,2.0,17695393609516130304,DW_2000Q_6
459,p1,raw,2.0,2.0,15043753709108353024,DW_2000Q_6
460,p1,raw,2.0,2.0,12511243455362824192,DW_2000Q_6
461,p1,raw,2.0,2.0,13333169630681784320,DW_2000Q_6
462,p1,raw,2.0,4.0,18212086900098072576,DW_2000Q_6
463,p1,raw,2.0,4.0,18432346131882461184,DW_2000Q_6
464,p1,raw,2.0,4.0,18439132957539028992,DW_2000Q_6
465,p1,raw,2.0,4.0,18286555254928789504,DW_2000Q_6
466,p1,raw,2.0,4.0,18298622434564014080,DW_2000Q_6
467,p1,raw,2.0,4.0,15918065766882359296,DW_2000Q_6
468,p1,raw,2.0,4.0,18234907667395895296,DW_2000Q_6
469,p1,raw,2.0,4.0,12476315876414353408,DW_2000Q_6
470,p1,raw,2.0,4.0,18299494154582626304,DW_2000Q_6
471,p1,raw,2.0,4.0,17502368979306973184,DW_2000Q_6
472,p1,raw,2.0,4.0,18132866815711514624,DW_2000Q_6
473,p1,raw,2.0,4.0,18441211305827127296,DW_2000Q_6
474,p1,raw,2.0,4.0,16524520474596052992,DW_2000Q_6
475,p1,raw,2.0,4.0,16003450993328809984,DW_2000Q_6
476,p1,raw,2.0,4.0,18424809046783311872,DW_2000Q_6
477,p1,raw,2.0,4.0,18169739551008901120,DW_2000Q_6
478,p1,raw,2.0,4.0,4172426114649515520,DW_2000Q_6
479,p1,raw,2.0,4.0,18223533837612898304,DW_2000Q_6
480,p1,raw,2.0,6.0,18204359784519323648,DW_2000Q_6
481,p1,raw,2.0,6.0,18444490002648645632,DW_2000Q_6
482,p1,raw,2.0,6.0,18445150373117444096,DW_2000Q_6
483,p1,raw,2.0,6.0,18274029658045296640,DW_2000Q_6
484,p1,raw,2.0,6.0,18169342479067719680,DW_2000Q_6
485,p1,raw,2.0,6.0,13719916262938288128,DW_2000Q_6
486,p1,raw,2.0,6.0,18258460215026274304,DW_2000Q_6
487,p1,raw,2.0,6.0,18295306703768655872,DW_2000Q_6
488,p1,raw,2.0,6.0,4515129937071436288,DW_2000Q_6
489,p1,raw,2.0,6.0,18038024709815410688,DW_2000Q_6
490,p1,raw,2.0,6.0,5717423792186286080,DW_2000Q_6
491,p1,raw,2.0,6.0,18297136503227701248,DW_2000Q_6
492,p1,raw,2.0,6.0,18165269952096112640,DW_2000Q_6
493,p1,raw,2.0,6.0,18405602014754459648,DW_2000Q_6
494,p1,raw,2.0,6.0,9856258905997191168,DW_2000Q_6
495,p1,raw,2.0,6.0,18386933624726228992,DW_2000Q_6
496,p1,raw,2.0,6.0,17304774706426882048,DW_2000Q_6
497,p1,raw,2.0,8.0,10686144214092025856,DW_2000Q_6
498,p1,raw,2.0,8.0,11542730787379752960,DW_2000Q_6
499,p1,raw,2.0,10.0,18222012121572724736,DW_2000Q_6
500,p1,pp_local_search,2.0,0.0,18433503090842804224,DW_2000Q_6
501,p1,pp_local_search,2.0,0.0,18370138842367547392,DW_2000Q_6
502,p1,pp_local_search,2.0,0.0,18386200259111921664,DW_2000Q_6
503,p1,pp_local_search,2.0,0.0,18421446639546269696,DW_2000Q_6
504,p1,pp_local_search,2.0,0.0,18298159446740981760,DW_2000Q_6
505,p1,pp_local_search,2.0,0.0,18300060594970316800,DW_2000Q_6
506,p1,pp_local_search,2.0,0.0,18410431383840038912,DW_2000Q_6
507,p1,pp_local_search,2.0,0.0,18272262842189029376,DW_2000Q_6
508,p1,pp_local_search,2.0,0.0,18430574798400462848,DW_2000Q_6
509,p1,pp_local_search,2.0,0.0,18402974587601293312,DW_2000Q_6
510,p1,pp_local_search,2.0,0.0,18278226230308773888,DW_2000Q_6
511,p1,pp_local_search,2.0,0.0,18330850122709950464,DW_2000Q_6
512,p1,pp_local_search,2.0,0.0,18404797755807789056,DW_2000Q_6
513,p1,pp_local_search,2.0,0.0,18446039180710137856,DW_2000Q_6
514,p1,pp_local_search,2.0,0.0,18292739789155188736,DW_2000Q_6
515,p1,pp_local_search,2.0,0.0,18383809168629719040,DW_2000Q_6
516,p1,pp_local_search,2.0,0.0,18416562235450910720,DW_2000Q_6
517,p1,pp_local_search,2.0,0.0,18286000042205804544,DW_2000Q_6
518,p1,pp_local_search,2.0,0.0,18427706206752886784,DW_2000Q_6
519,p1,pp_local_search,2.0,0.0,18279911201955530752,DW_2000Q_6
520,p1,pp_local_search,2.0,0.0,18349868026701430784,DW_2000Q_6
521,p1,pp_local_search,2.0,0.0,18311703394261123072,DW_2000Q_6
522,p1,pp_local_search,2.0,0.0,18425844623242924032,DW_2000Q_6
523,p1,pp_local_search,2.0,0.0,18422630316838457344,DW_2000Q_6
524,p1,pp_local_search,2.0,0.0,18382018751131045888,DW_2000Q_6
525,p1,pp_local_search,2.0,0.0,18442412285917476864,DW_2000Q_6
526,p1,pp_local_search,2.0,0.0,18441211305827127296,DW_2000Q_6
527,p1,pp_local_search,2.0,0.0,18305314616401334272,DW_2000Q_6
528,p1,pp_local_search,2.0,0.0,18267563952789155840,DW_2000Q_6
529,p1,pp_local_search,2.0,0.0,18439132957541124096,DW_2000Q_6
530,p1,pp_local_search,2.0,0.0,18295281725236103168,DW_2000Q_6
531,p1,pp_local_search,2.0,0.0,18392337091494092800,DW_2000Q_6
532,p1,pp_local_search,2.0,0.0,18331020673130311680,DW_2000Q_6
533,p1,pp_local_search,2.0,0.0,18410398482310148096,DW_2000Q_6
534,p1,pp_local_search,2.0,0.0,18430639857338304512,DW_2000Q_6
535,p1,pp_local_search,2.0,2.0,18386933624726228992,DW_2000Q_6
536,p1,pp_local_search,2.0,2.0,18223908776096053248,DW_2000Q_6
537,p1,pp_local_search,2.0,2.0,18295798893062354944,DW_2000Q_6
538,p1,pp_local_search,2.0,2.0,17795237972279166976,DW_2000Q_6
539,p1,pp_local_search,2.0,2.0,18426165615271831552,DW_2000Q_6
540,p1,pp_local_search,2.0,2.0,18244359682263889920,DW_2000Q_6
541,p1,pp_local_search,2.0,2.0,18271226735409061888,DW_2000Q_6
542,p1,pp_local_search,2.0,2.0,18261946475621134336,DW_2000Q_6
543,p1,pp_local_search,2.0,2.0,18184688281237864448,DW_2000Q_6
544,p1,pp_local_search,2.0,2.0,18261283439560806400,DW_2000Q_6
545,p1,pp_local_search,2.0,2.0,13310184367966674944,DW_2000Q_6
546,p1,pp_local_search,2.0,2.0,18169739551008901120,DW_2000Q_6
547,p1,pp_local_search,2.0,2.0,18178851618376198144,DW_2000Q_6
548,p1,pp_local_search,2.0,2.0,18444490002648645632,DW_2000Q_6
549,p1,pp_local_search,2.0,2.0,18424727781192488960,DW_2000Q_6
550,p1,pp_local_search,2.0,2.0,18286555254928789504,DW_2000Q_6
551,p1,pp_local_search,2.0,2.0,18281984426561636352,DW_2000Q_6
552,p1,pp_local_search,2.0,2.0,18240418377063335936,DW_2000Q_6
553,p1,pp_local_search,2.0,2.0,17900918563203645440,DW_2000Q_6
554,p1,pp_local_search,2.0,2.0,4045477282971070976,DW_2000Q_6
555,p1,pp_local_search,2.0,2.0,16957490999429971968,DW_2000Q_6
556,p1,pp_local_search,2.0,2.0,13561300908981080064,DW_2000Q_6
557,p1,pp_local_search,2.0,2.0,18445150373117444096,DW_2000Q_6
558,p1,pp_local_search,2.0,2.0,13333169630681784320,DW_2000Q_6
559,p1,pp_local_search,2.0,2.0,18432346131882461184,DW_2000Q_6
560,p1,pp_local_search,2.0,2.0,15043753709108353024,DW_2000Q_6
561,p1,pp_local_search,2.0,2.0,18277510704847994880,DW_2000Q_6
562,p1,pp_local_search,2.0,2.0,17695393609516130304,DW_2000Q_6
563,p1,pp_local_search,2.0,2.0,12511243455362824192,DW_2000Q_6
564,p1,pp_local_search,2.0,2.0,18260138415934527488,DW_2000Q_6
565,p1,pp_local_search,2.0,2.0,18259315648756979712,DW_2000Q_6
566,p1,pp_local_search,2.0,2.0,18294896534286487552,DW_2000Q_6
567,p1,pp_local_search,2.0,2.0,18339491978634805248,DW_2000Q_6
568,p1,pp_local_search,2.0,2.0,18421120274549964800,DW_2000Q_6
569,p1,pp_local_search,2.0,2.0,10211042592437882880,DW_2000Q_6
570,p1,pp_local_search,2.0,2.0,18429988648531130368,DW_2000Q_6
571,p1,pp_local_search,2.0,2.0,18424809046783311872,DW_2000Q_6
572,p1,pp_local_search,2.0,4.0,18258460215030468608,DW_2000Q_6
573,p1,pp_local_search,2.0,4.0,18163018152282427392,DW_2000Q_6
574,p1,pp_local_search,2.0,4.0,18212086900098072576,DW_2000Q_6
575,p1,pp_local_search,2.0,4.0,18274029658045296640,DW_2000Q_6
576,p1,pp_local_search,2.0,4.0,18038024709815410688,DW_2000Q_6
577,p1,pp_local_search,2.0,4.0,12476315876414353408,DW_2000Q_6
578,p1,pp_local_search,2.0,4.0,13719916262938288128,DW_2000Q_6
579,p1,pp_local_search,2.0,4.0,4172426114649515520,DW_2000Q_6
580,p1,pp_local_search,2.0,4.0,18298622434564014080,DW_2000Q_6
581,p1,pp_local_search,2.0,4.0,18169342479067719680,DW_2000Q_6
582,p1,pp_local_search,2.0,4.0,16524520474596052992,DW_2000Q_6
583,p1,pp_local_search,2.0,4.0,16003450993328809984,DW_2000Q_6
584,p1,pp_local_search,2.0,4.0,18132866815711514624,DW_2000Q_6
585,p1,pp_local_search,2.0,4.0,5717423792186286080,DW_2000Q_6
586,p1,pp_local_search,2.0,4.0,18234907667395895296,DW_2000Q_6
587,p1,pp_local_search,2.0,4.0,18295306703768655872,DW_2000Q_6
588,p1,pp_local_search,2.0,4.0,18204359784519323648,DW_2000Q_6
589,p1,pp_local_search,2.0,4.0,17304774706426882048,DW_2000Q_6
590,p1,pp_local_search,2.0,4.0,17502368979306973184,DW_2000Q_6
591,p1,pp_local_search,2.0,4.0,18223533837612898304,DW_2000Q_6
592,p1,pp_local_search,2.0,4.0,18299494154582626304,DW_2000Q_6
593,p1,pp_local_search,2.0,4.0,18297136503227701248,DW_2000Q_6
594,p1,pp_local_search,2.0,6.0,10758201808129953792,DW_2000Q_6
595,p1,pp_local_search,2.0,6.0,9856258905997191168,DW_2000Q_6
596,p1,pp_local_search,2.0,6.0,4515129937071436288,DW_2000Q_6
597,p1,pp_local_search,2.0,6.0,18405602014754459648,DW_2000Q_6
598,p1,pp_local_search,2.0,6.0,11542730787379752960,DW_2000Q_6
599,p1,pp_local_search,2.0,6.0,18222012121572724736,DW_2000Q_6
600,p1,raw,2.25,0.0,18294954445792972800,DW_2000Q_6
601,p1,raw,2.25,0.0,18285374530983647232,DW_2000Q_6
602,p1,raw,2.25,0.0,18271353552481652736,DW_2000Q_6
603,p1,raw,2.25,0.0,18439776823122604032,DW_2000Q_6
604,p1,raw,2.25,0.0,18276355952286474240,DW_2000Q_6
605,p1,raw,2.25,0.0,18277615351225917440,DW_2000Q_6
606,p1,raw,2.25,0.0,18434428457317613568,DW_2000Q_6
607,p1,raw,2.25,0.0,18442350151760109568,DW_2000Q_6
608,p1,raw,2.25,0.0,18415974244798443520,DW_2000Q_6
609,p1,raw,2.25,0.0,18275347295177578496,DW_2000Q_6
610,p1,raw,2.25,0.0,18439741327574439936,DW_2000Q_6
611,p1,raw,2.25,0.0,18294465912085962752,DW_2000Q_6
612,p1,raw,2.25,0.0,18444244075950460928,DW_2000Q_6
613,p1,raw,2.25,0.0,18415678513163229184,DW_2000Q_6
614,p1,raw,2.25,0.0,18283756022856030208,DW_2000Q_6
615,p1,raw,2.25,0.0,18292154157322489856,DW_2000Q_6
616,p1,raw,2.25,0.0,18412035927804100608,DW_2000Q_6
617,p1,raw,2.25,0.0,18333294553145167872,DW_2000Q_6
618,p1,raw,2.25,0.0,18339502372510765056,DW_2000Q_6
619,p1,raw,2.25,0.0,18272513559436288000,DW_2000Q_6
620,p1,raw,2.25,0.0,18272808904641740800,DW_2000Q_6
621,p1,raw,2.25,0.0,18394673563853737984,DW_2000Q_6
622,p1,raw,2.25,0.0,18418755766843295744,DW_2000Q_6
623,p1,raw,2.25,0.0,18403786788468482048,DW_2000Q_6
624,p1,raw,2.25,0.0,18314063707276396544,DW_2000Q_6
625,p1,raw,2.25,0.0,18416946245824417792,DW_2000Q_6
626,p1,raw,2.25,0.0,18427295509072865280,DW_2000Q_6
627,p1,raw,2.25,0.0,18312430522810912768,DW_2000Q_6
628,p1,raw,2.25,0.0,18402529134746554368,DW_2000Q_6
629,p1,raw,2.25,0.0,18418616730929651712,DW_2000Q_6
630,p1,raw,2.25,0.0,18290334220187623424,DW_2000Q_6
631,p1,raw,2.25,0.0,18297989224366950400,DW_2000Q_6
632,p1,raw,2.25,0.0,18434632545857581056,DW_2000Q_6
633,p1,raw,2.25,0.0,18421949169764554752,DW_2000Q_6
634,p1,raw,2.25,0.0,18380049527169724416,DW_2000Q_6
635,p1,raw,2.25,2.0,12785870310696155136,DW_2000Q_6
636,p1,raw,2.25,2.0,16101154855461605376,DW_2000Q_6
637,p1,raw,2.25,2.0,18142079061239455744,DW_2000Q_6
638,p1,raw,2.25,2.0,18088355849624174592,DW_2000Q_6
639,p1,raw,2.25,2.0,18290068050258630656,DW_2000Q_6
640,p1,raw,2.25,2.0,18424263640599029760,DW_2000Q_6
641,p1,raw,2.25,2.0,18281478240781762560,DW_2000Q_6
642,p1,raw,2.25,2.0,18430603313306431488,DW_2000Q_6
643,p1,raw,2.25,2.0,18438518634105421824,DW_2000Q_6
644,p1,raw,2.25,2.0,17335754850887794688,DW_2000Q_6
645,p1,raw,2.25,2.0,17912920430483345408,DW_2000Q_6
646,p1,raw,2.25,2.0,17931189977413924864,DW_2000Q_6
647,p1,raw,2.25,2.0,14512537033039482880,DW_2000Q_6
648,p1,raw,2.25,2.0,10205386489151442944,DW_2000Q_6
649,p1,raw,2.25,2.0,18295310410134607872,DW_2000Q_6
650,p1,raw,2.25,2.0,18314727852492482560,DW_2000Q_6
651,p1,raw,2.25,2.0,17910838570474840064,DW_2000Q_6
652,p1,raw,2.25,2.0,18279639526352656384,DW_2000Q_6
653,p1,raw,2.25,2.0,12563637133857800192,DW_2000Q_6
654,p1,raw,2.25,2.0,14804721775839096832,DW_2000Q_6
655,p1,raw,2.25,2.0,18416103088702885888,DW_2000Q_6
656,p1,raw,2.25,2.0,17962382337748244480,DW_2000Q_6
657,p1,raw,2.25,2.0,18274567648044199936,DW_2000Q_6
658,p1,raw,2.25,2.0,17217254985520001024,DW_2000Q_6
659,p1,raw,2.25,2.0,16568861231627702272,DW_2000Q_6
660,p1,raw,2.25,2.0,18355113455264657408,DW_2000Q_6
661,p1,raw,2.25,2.0,11350322580864256000,DW_2000Q_6
662,p1,raw,2.25,2.0,18293694119299260416,DW_2000Q_6
663,p1,raw,2.25,2.0,18290079630694047744,DW_2000Q_6
664,p1,raw,2.25,2.0,18276412031614717952,DW_2000Q_6
665,p1,raw,2.25,2.0,18352998484930568192,DW_2000Q_6
666,p1,raw,2.25,2.0,17393774530595086336,DW_2000Q_6
667,p1,raw,2.25,2.0,17142847260604321792,DW_2000Q_6
668,p1,raw,2.25,2.0,13685368618323591168,DW_2000Q_6
669,p1,raw,2.25,4.0,13685897191519440896,DW_2000Q_6
670,p1,raw,2.25,4.0,18276871539629287424,DW_2000Q_6
671,p1,raw,2.25,4.0,15665466364148322304,DW_2000Q_6
672,p1,raw,2.25,4.0,14750634138384764928,DW_2000Q_6
673,p1,raw,2.25,4.0,13283598982055362560,DW_2000Q_6
674,p1,raw,2.25,4.0,15683889070037352448,DW_2000Q_6
675,p1,raw,2.25,4.0,12223972343483029504,DW_2000Q_6
676,p1,raw,2.25,4.0,18271393893099524096,DW_2000Q_6
677,p1,raw,2.25,4.0,13606804432873072640,DW_2000Q_6
678,p1,raw,2.25,4.0,18285590168502808576,DW_2000Q_6
679,p1,raw,2.25,4.0,18434063584371892224,DW_2000Q_6
680,p1,raw,2.25,4.0,18289947160065918976,DW_2000Q_6
681,p1,raw,2.25,4.0,18202603742838153216,DW_2000Q_6
682,p1,raw,2.25,4.0,14665966565819494400,DW_2000Q_6
683,p1,raw,2.25,4.0,17603401154412361728,DW_2000Q_6
684,p1,raw,2.25,4.0,18396205921768579072,DW_2000Q_6
685,p1,raw,2.25,4.0,18277106510590857216,DW_2000Q_6
686,p1,raw,2.25,4.0,13583656244614615040,DW_2000Q_6
687,p1,raw,2.25,4.0,11641870373814067200,DW_2000Q_6
688,p1,raw,2.25,4.0,10802981369641308160,DW_2000Q_6
689,p1,raw,2.25,4.0,11552519404779479040,DW_2000Q_6
690,p1,raw,2.25,4.0,18203248924222029824,DW_2000Q_6
691,p1,raw,2.25,6.0,18240444450174474240,DW_2000Q_6
692,p1,raw,2.25,6.0,16720425883182897152,DW_2000Q_6
693,p1,raw,2.25,6.0,16970978001728577536,DW_2000Q_6
694,p1,raw,2.25,6.0,13254173845251444736,DW_2000Q_6
695,p1,raw,2.25,6.0,18308256622160650240,DW_2000Q_6
696,p1,raw,2.25,6.0,18421011016591933440,DW_2000Q_6
697,p1,raw,2.25,8.0,14677332579784667136,DW_2000Q_6
698,p1,raw,2.25,8.0,17954224231192731648,DW_2000Q_6
699,p1,raw,2.25,8.0,12241758113886396416,DW_2000Q_6
700,p1,pp_local_search,2.25,0.0,18294954445792972800,DW_2000Q_6
701,p1,pp_local_search,2.25,0.0,18416103088702885888,DW_2000Q_6
702,p1,pp_local_search,2.25,0.0,18415974244798443520,DW_2000Q_6
703,p1,pp_local_search,2.25,0.0,18421949169764554752,DW_2000Q_6
704,p1,pp_local_search,2.25,0.0,18271353552481652736,DW_2000Q_6
705,p1,pp_local_search,2.25,0.0,18275347295177578496,DW_2000Q_6
706,p1,pp_local_search,2.25,0.0,18294465912085962752,DW_2000Q_6
707,p1,pp_local_search,2.25,0.0,18444244075950460928,DW_2000Q_6
708,p1,pp_local_search,2.25,0.0,18415678513163229184,DW_2000Q_6
709,p1,pp_local_search,2.25,0.0,18412035927804100608,DW_2000Q_6
710,p1,pp_local_search,2.25,0.0,18434632545857581056,DW_2000Q_6
711,p1,pp_local_search,2.25,0.0,18292154157322489856,DW_2000Q_6
712,p1,pp_local_search,2.25,0.0,18416946245824417792,DW_2000Q_6
713,p1,pp_local_search,2.25,0.0,18439741327574439936,DW_2000Q_6
714,p1,pp_local_search,2.25,0.0,18283756022856030208,DW_2000Q_6
715,p1,pp_local_search,2.25,0.0,18442350151760109568,DW_2000Q_6
716,p1,pp_local_search,2.25,0.0,18380049527169724416,DW_2000Q_6
717,p1,pp_local_search,2.25,0.0,18277615351225917440,DW_2000Q_6
718,p1,pp_local_search,2.25,0.0,18418755766843295744,DW_2000Q_6
719,p1,pp_local_search,2.25,0.0,18314063707276396544,DW_2000Q_6
720,p1,pp_local_search,2.25,0.0,18427295509072865280,DW_2000Q_6
721,p1,pp_local_search,2.25,0.0,18434428457317613568,DW_2000Q_6
722,p1,pp_local_search,2.25,0.0,18276871539629287424,DW_2000Q_6
723,p1,pp_local_search,2.25,0.0,18339502372510765056,DW_2000Q_6
724,p1,pp_local_search,2.25,0.0,18290079630828265472,DW_2000Q_6
725,p1,pp_local_search,2.25,0.0,18276412031614717952,DW_2000Q_6
726,p1,pp_local_search,2.25,0.0,18276355952286474240,DW_2000Q_6
727,p1,pp_local_search,2.25,0.0,18403786788468482048,DW_2000Q_6
728,p1,pp_local_search,2.25,0.0,18394673563853737984,DW_2000Q_6
729,p1,pp_local_search,2.25,0.0,18402529134746554368,DW_2000Q_6
730,p1,pp_local_search,2.25,0.0,18272808904641740800,DW_2000Q_6
731,p1,pp_local_search,2.25,0.0,18312430522810912768,DW_2000Q_6
732,p1,pp_local_search,2.25,0.0,18271393893099524096,DW_2000Q_6
733,p1,pp_local_search,2.25,0.0,18272513559436288000,DW_2000Q_6
734,p1,pp_local_search,2.25,0.0,18290334220187623424,DW_2000Q_6
735,p1,pp_local_search,2.25,0.0,18421011016591933440,DW_2000Q_6
736,p1,pp_local_search,2.25,0.0,18333294553145167872,DW_2000Q_6
737,p1,pp_local_search,2.25,0.0,18285374530983647232,DW_2000Q_6
738,p1,pp_local_search,2.25,0.0,18297989224366950400,DW_2000Q_6
739,p1,pp_local_search,2.25,0.0,18439776823122604032,DW_2000Q_6
740,p1,pp_local_search,2.25,0.0,18418616730929651712,DW_2000Q_6
741,p1,pp_local_search,2.25,2.0,12785870310696155136,DW_2000Q_6
742,p1,pp_local_search,2.25,2.0,14512537033039482880,DW_2000Q_6
743,p1,pp_local_search,2.25,2.0,13283596783032107008,DW_2000Q_6
744,p1,pp_local_search,2.25,2.0,10205386489151442944,DW_2000Q_6
745,p1,pp_local_search,2.25,2.0,15665466364139933696,DW_2000Q_6
746,p1,pp_local_search,2.25,2.0,18142079061239455744,DW_2000Q_6
747,p1,pp_local_search,2.25,2.0,18281478240781762560,DW_2000Q_6
748,p1,pp_local_search,2.25,2.0,18290068050258630656,DW_2000Q_6
749,p1,pp_local_search,2.25,2.0,18424263640599029760,DW_2000Q_6
750,p1,pp_local_search,2.25,2.0,16970978001728577536,DW_2000Q_6
751,p1,pp_local_search,2.25,2.0,18088355849624174592,DW_2000Q_6
752,p1,pp_local_search,2.25,2.0,18430603313306431488,DW_2000Q_6
753,p1,pp_local_search,2.25,2.0,18438518634105421824,DW_2000Q_6
754,p1,pp_local_search,2.25,2.0,17931189977413924864,DW_2000Q_6
755,p1,pp_local_search,2.25,2.0,17912920430483345408,DW_2000Q_6
756,p1,pp_local_search,2.25,2.0,17335754850887794688,DW_2000Q_6
757,p1,pp_local_search,2.25,2.0,11641870373814067200,DW_2000Q_6
758,p1,pp_local_search,2.25,2.0,14665966565819494400,DW_2000Q_6
759,p1,pp_local_search,2.25,2.0,18314727852492482560,DW_2000Q_6
760,p1,pp_local_search,2.25,2.0,18203248924222029824,DW_2000Q_6
761,p1,pp_local_search,2.25,2.0,18352998484930568192,DW_2000Q_6
762,p1,pp_local_search,2.25,2.0,16568861231627702272,DW_2000Q_6
763,p1,pp_local_search,2.25,2.0,17217254985520001024,DW_2000Q_6
764,p1,pp_local_search,2.25,2.0,18274567648044199936,DW_2000Q_6
765,p1,pp_local_search,2.25,2.0,17962382337748244480,DW_2000Q_6
766,p1,pp_local_search,2.25,2.0,14804721775839096832,DW_2000Q_6
767,p1,pp_local_search,2.25,2.0,12563637133857800192,DW_2000Q_6
768,p1,pp_local_search,2.25,2.0,18293694119299260416,DW_2000Q_6
769,p1,pp_local_search,2.25,2.0,18279639526352656384,DW_2000Q_6
770,p1,pp_local_search,2.25,2.0,16101154855461605376,DW_2000Q_6
771,p1,pp_local_search,2.25,2.0,18355113455264657408,DW_2000Q_6
772,p1,pp_local_search,2.25,2.0,11350322580864256000,DW_2000Q_6
773,p1,pp_local_search,2.25,2.0,18277106510590857216,DW_2000Q_6
774,p1,pp_local_search,2.25,2.0,17910838570474840064,DW_2000Q_6
775,p1,pp_local_search,2.25,2.0,18295310410134607872,DW_2000Q_6
776,p1,pp_local_search,2.25,2.0,14677332579784667136,DW_2000Q_6
777,p1,pp_local_search,2.25,2.0,17393774530595086336,DW_2000Q_6
778,p1,pp_local_search,2.25,2.0,18285590168502808576,DW_2000Q_6
779,p1,pp_local_search,2.25,2.0,17142847260604321792,DW_2000Q_6
780,p1,pp_local_search,2.25,2.0,13685368618323591168,DW_2000Q_6
781,p1,pp_local_search,2.25,4.0,13583656244614615040,DW_2000Q_6
782,p1,pp_local_search,2.25,4.0,15683889070037352448,DW_2000Q_6
783,p1,pp_local_search,2.25,4.0,14750634138384764928,DW_2000Q_6
784,p1,pp_local_search,2.25,4.0,13685897191519440896,DW_2000Q_6
785,p1,pp_local_search,2.25,4.0,13606804432873072640,DW_2000Q_6
786,p1,pp_local_search,2.25,4.0,12223972343483029504,DW_2000Q_6
787,p1,pp_local_search,2.25,4.0,18434063584371892224,DW_2000Q_6
788,p1,pp_local_search,2.25,4.0,12241758113886396416,DW_2000Q_6
789,p1,pp_local_search,2.25,4.0,10802981369641308160,DW_2000Q_6
790,p1,pp_local_search,2.25,4.0,17954224231192731648,DW_2000Q_6
791,p1,pp_local_search,2.25,4.0,17603401154412361728,DW_2000Q_6
792,p1,pp_local_search,2.25,4.0,11552519404779479040,DW_2000Q_6
793,p1,pp_local_search,2.25,4.0,18396205921768579072,DW_2000Q_6
794,p1,pp_local_search,2.25,4.0,18202603742838153216,DW_2000Q_6
795,p1,pp_local_search,2.25,4.0,18289947160065918976,DW_2000Q_6
796,p1,pp_local_search,2.25,6.0,16720425883182897152,DW_2000Q_6
797,p1,pp_local_search,2.25,6.0,18240444450174474240,DW_2000Q_6
798,p1,pp_local_search,2.25,6.0,13254173845251444736,DW_2000Q_6
799,p1,pp_local_search,2.25,6.0,18308256622160650240,DW_2000Q_6
800,p1,raw,2.5,0.0,18383547804331141120,DW_2000Q_6
801,p1,raw,2.5,0.0,18378784571004467200,DW_2000Q_6
802,p1,raw,2.5,0.0,18264513995701088256,DW_2000Q_6
803,p1,raw,2.5,0.0,18387713495860357120,DW_2000Q_6
804,p1,raw,2.5,0.0,18415310091446013952,DW_2000Q_6
805,p1,raw,2.5,0.0,18288322326660057088,DW_2000Q_6
806,p1,raw,2.5,0.0,18385579509613998080,DW_2000Q_6
807,p1,raw,2.5,0.0,18363586236250673152,DW_2000Q_6
808,p1,raw,2.5,0.0,18292590521326862336,DW_2000Q_6
809,p1,raw,2.5,0.0,18270734154352220160,DW_2000Q_6
810,p1,raw,2.5,2.0,15500263628522706944,DW_2000Q_6
811,p1,raw,2.5,2.0,16740033060250161152,DW_2000Q_6
812,p1,raw,2.5,2.0,16368430642147739648,DW_2000Q_6
813,p1,raw,2.5,2.0,13356785497076570112,DW_2000Q_6
814,p1,raw,2.5,2.0,18398590837592436736,DW_2000Q_6
815,p1,raw,2.5,2.0,17524668537324288000,DW_2000Q_6
816,p1,raw,2.5,2.0,16110901409649793024,DW_2000Q_6
817,p1,raw,2.5,2.0,13344586728047632384,DW_2000Q_6
818,p1,raw,2.5,2.0,16991973415127093248,DW_2000Q_6
819,p1,raw,2.5,2.0,18361822371061616640,DW_2000Q_6
820,p1,raw,2.5,2.0,18249822714504642560,DW_2000Q_6
821,p1,raw,2.5,2.0,15554640380837109760,DW_2000Q_6
822,p1,raw,2.5,2.0,16802949330056810496,DW_2000Q_6
823,p1,raw,2.5,2.0,17371594717523048448,DW_2000Q_6
824,p1,raw,2.5,2.0,13571858254624131072,DW_2000Q_6
825,p1,raw,2.5,2.0,11539708962663518208,DW_2000Q_6
826,p1,raw,2.5,2.0,18291506516121178112,DW_2000Q_6
827,p1,raw,2.5,2.0,18267792214985099264,DW_2000Q_6
828,p1,raw,2.5,2.0,17074663390888015872,DW_2000Q_6
829,p1,raw,2.5,2.0,18299262813974777856,DW_2000Q_6
830,p1,raw,2.5,2.0,18267197086325637120,DW_2000Q_6
831,p1,raw,2.5,2.0,16778972843939905536,DW_2000Q_6
832,p1,raw,2.5,2.0,16025761192812126208,DW_2000Q_6
833,p1,raw,2.5,2.0,17977511162152951808,DW_2000Q_6
834,p1,raw,2.5,2.0,18044271181167022080,DW_2000Q_6
835,p1,raw,2.5,2.0,18420072429602148352,DW_2000Q_6
836,p1,raw,2.5,2.0,17324480432415660032,DW_2000Q_6
837,p1,raw,2.5,2.0,2392975198541227008,DW_2000Q_6
838,p1,raw,2.5,2.0,8727235871054843904,DW_2000Q_6
839,p1,raw,2.5,2.0,17356264001114189824,DW_2000Q_6
840,p1,raw,2.5,2.0,2963126393818482688,DW_2000Q_6
841,p1,raw,2.5,2.0,17961959953111973888,DW_2000Q_6
842,p1,raw,2.5,2.0,18382593003620888576,DW_2000Q_6
843,p1,raw,2.5,2.0,12424453673803016192,DW_2000Q_6
844,p1,raw,2.5,2.0,14443052008314408960,DW_2000Q_6
845,p1,raw,2.5,2.0,17986711964188780544,DW_2000Q_6
846,p1,raw,2.5,2.0,18165022396963385344,DW_2000Q_6
847,p1,raw,2.5,4.0,15651940689280516096,DW_2000Q_6
848,p1,raw,2.5,4.0,18269839128751523840,DW_2000Q_6
849,p1,raw,2.5,4.0,18435274861245796352,DW_2000Q_6
850,p1,raw,2.5,4.0,4111797789702164992,DW_2000Q_6
851,p1,raw,2.5,4.0,6679033050850479104,DW_2000Q_6
852,p1,raw,2.5,4.0,18004447386740899840,DW_2000Q_6
853,p1,raw,2.5,4.0,15833713469006745600,DW_2000Q_6
854,p1,raw,2.5,4.0,4139046802188945408,DW_2000Q_6
855,p1,raw,2.5,4.0,18181206812472608768,DW_2000Q_6
856,p1,raw,2.5,4.0,7280189991929022464,DW_2000Q_6
857,p1,raw,2.5,4.0,13999315350432102400,DW_2000Q_6
858,p1,raw,2.5,4.0,18337712415901028352,DW_2000Q_6
859,p1,raw,2.5,4.0,8339274338910856192,DW_2000Q_6
860,p1,raw,2.5,4.0,11631915078439385088,DW_2000Q_6
861,p1,raw,2.5,4.0,16160792232845076480,DW_2000Q_6
862,p1,raw,2.5,4.0,10592638823123597312,DW_2000Q_6
863,p1,raw,2.5,4.0,17904660666723297280,DW_2000Q_6
864,p1,raw,2.5,4.0,4753129537076217856,DW_2000Q_6
865,p1,raw,2.5,4.0,17818600940495980544,DW_2000Q_6
866,p1,raw,2.5,4.0,15670294985081374720,DW_2000Q_6
867,p1,raw,2.5,4.0,1763373956395492096,DW_2000Q_6
868,p1,raw,2.5,4.0,12951357957747142656,DW_2000Q_6
869,p1,raw,2.5,4.0,14555293091669852160,DW_2000Q_6
870,p1,raw,2.5,4.0,17658687632152199168,DW_2000Q_6
871,p1,raw,2.5,4.0,17947626697093562368,DW_2000Q_6
872,p1,raw,2.5,4.0,10122987258599917568,DW_2000Q_6
873,p1,raw,2.5,4.0,17723181189159686144,DW_2000Q_6
874,p1,raw,2.5,4.0,17903367363781111808,DW_2000Q_6
875,p1,raw,2.5,4.0,12507036332030076928,DW_2000Q_6
876,p1,raw,2.5,4.0,11345891029325121536,DW_2000Q_6
877,p1,raw,2.5,6.0,16786557259935848448,DW_2000Q_6
878,p1,raw,2.5,6.0,11053172482121754624,DW_2000Q_6
879,p1,raw,2.5,6.0,15095195435110539264,DW_2000Q_6
880,p1,raw,2.5,6.0,16953585640589451264,DW_2000Q_6
881,p1,raw,2.5,6.0,16698644424166715392,DW_2000Q_6
882,p1,raw,2.5,6.0,17390816986141777920,DW_2000Q_6
883,p1,raw,2.5,6.0,17971449259520974848,DW_2000Q_6
884,p1,raw,2.5,6.0,18175797228181641216,DW_2000Q_6
885,p1,raw,2.5,6.0,13338802312294860800,DW_2000Q_6
886,p1,raw,2.5,6.0,17971870642042175488,DW_2000Q_6
887,p1,raw,2.5,6.0,17887391865565605888,DW_2000Q_6
888,p1,raw,2.5,6.0,13106886560500742144,DW_2000Q_6
889,p1,raw,2.5,6.0,17394585563687766016,DW_2000Q_6
890,p1,raw,2.5,6.0,3888698038511620608,DW_2000Q_6
891,p1,raw,2.5,6.0,17972851511182827520,DW_2000Q_6
892,p1,raw,2.5,6.0,6994232511551398912,DW_2000Q_6
893,p1,raw,2.5,8.0,11948175176344778752,DW_2000Q_6
894,p1,raw,2.5,8.0,8890779953639661568,DW_2000Q_6
895,p1,raw,2.5,8.0,16222244323516461056,DW_2000Q_6
896,p1,raw,2.5,8.0,10065015100258217984,DW_2000Q_6
897,p1,raw,2.5,8.0,17956387044355559424,DW_2000Q_6
898,p1,raw,2.5,8.0,15381231582033055744,DW_2000Q_6
899,p1,raw,2.5,8.0,18437420368922103808,DW_2000Q_6
900,p1,pp_local_search,2.5,0.0,18383547804331141120,DW_2000Q_6
901,p1,pp_local_search,2.5,0.0,18264513995701088256,DW_2000Q_6
902,p1,pp_local_search,2.5,0.0,18292590521326862336,DW_2000Q_6
903,p1,pp_local_search,2.5,0.0,18363586236250673152,DW_2000Q_6
904,p1,pp_local_search,2.5,0.0,18398590837592436736,DW_2000Q_6
905,p1,pp_local_search,2.5,0.0,18267197086325637120,DW_2000Q_6
906,p1,pp_local_search,2.5,0.0,18361822371061616640,DW_2000Q_6
907,p1,pp_local_search,2.5,0.0,18387713495860357120,DW_2000Q_6
908,p1,pp_local_search,2.5,0.0,18270734154352220160,DW_2000Q_6
909,p1,pp_local_search,2.5,0.0,18385579509613998080,DW_2000Q_6
910,p1,pp_local_search,2.5,0.0,18378784571004467200,DW_2000Q_6
911,p1,pp_local_search,2.5,0.0,18288322326660057088,DW_2000Q_6
912,p1,pp_local_search,2.5,0.0,18415310091446013952,DW_2000Q_6
913,p1,pp_local_search,2.5,2.0,16368430642147739648,DW_2000Q_6
914,p1,pp_local_search,2.5,2.0,16991973415127093248,DW_2000Q_6
915,p1,pp_local_search,2.5,2.0,13344586728047632384,DW_2000Q_6
916,p1,pp_local_search,2.5,2.0,15554640380837109760,DW_2000Q_6
917,p1,pp_local_search,2.5,2.0,16740033060250161152,DW_2000Q_6
918,p1,pp_local_search,2.5,2.0,15500263628522706944,DW_2000Q_6
919,p1,pp_local_search,2.5,2.0,13356785497076570112,DW_2000Q_6
920,p1,pp_local_search,2.5,2.0,16110901409649793024,DW_2000Q_6
921,p1,pp_local_search,2.5,2.0,16698644424166715392,DW_2000Q_6
922,p1,pp_local_search,2.5,2.0,18249822714504642560,DW_2000Q_6
923,p1,pp_local_search,2.5,2.0,17524668537324288000,DW_2000Q_6
924,p1,pp_local_search,2.5,2.0,13999385719176280064,DW_2000Q_6
925,p1,pp_local_search,2.5,2.0,16802949330056810496,DW_2000Q_6
926,p1,pp_local_search,2.5,2.0,18420072429602148352,DW_2000Q_6
927,p1,pp_local_search,2.5,2.0,17371594717523048448,DW_2000Q_6
928,p1,pp_local_search,2.5,2.0,11539708962663518208,DW_2000Q_6
929,p1,pp_local_search,2.5,2.0,18291506516121178112,DW_2000Q_6
930,p1,pp_local_search,2.5,2.0,7280189991929022464,DW_2000Q_6
931,p1,pp_local_search,2.5,2.0,11345899825418143744,DW_2000Q_6
932,p1,pp_local_search,2.5,2.0,18267792214985099264,DW_2000Q_6
933,p1,pp_local_search,2.5,2.0,17074663390888015872,DW_2000Q_6
934,p1,pp_local_search,2.5,2.0,18299262813974777856,DW_2000Q_6
935,p1,pp_local_search,2.5,2.0,17658687632152330240,DW_2000Q_6
936,p1,pp_local_search,2.5,2.0,16778972843939905536,DW_2000Q_6
937,p1,pp_local_search,2.5,2.0,14555293091670900736,DW_2000Q_6
938,p1,pp_local_search,2.5,2.0,16025761192812126208,DW_2000Q_6
939,p1,pp_local_search,2.5,2.0,17977511162152951808,DW_2000Q_6
940,p1,pp_local_search,2.5,2.0,18044271181167022080,DW_2000Q_6
941,p1,pp_local_search,2.5,2.0,13571858254624131072,DW_2000Q_6
942,p1,pp_local_search,2.5,2.0,17324480432415660032,DW_2000Q_6
943,p1,pp_local_search,2.5,2.0,18382593003620888576,DW_2000Q_6
944,p1,pp_local_search,2.5,2.0,18165022396963385344,DW_2000Q_6
945,p1,pp_local_search,2.5,2.0,17390816986141777920,DW_2000Q_6
946,p1,pp_local_search,2.5,2.0,17394585426248812544,DW_2000Q_6
947,p1,pp_local_search,2.5,2.0,18337712415901028352,DW_2000Q_6
948,p1,pp_local_search,2.5,2.0,8339274338910856192,DW_2000Q_6
949,p1,pp_local_search,2.5,2.0,17961959953111973888,DW_2000Q_6
950,p1,pp_local_search,2.5,2.0,11631915078439385088,DW_2000Q_6
951,p1,pp_local_search,2.5,2.0,17356264001114189824,DW_2000Q_6
952,p1,pp_local_search,2.5,2.0,2963126393818482688,DW_2000Q_6
953,p1,pp_local_search,2.5,2.0,12424453673803016192,DW_2000Q_6
954,p1,pp_local_search,2.5,2.0,6994232511551398912,DW_2000Q_6
955,p1,pp_local_search,2.5,2.0,1763373956395492096,DW_2000Q_6
956,p1,pp_local_search,2.5,2.0,17986711964188780544,DW_2000Q_6
957,p1,pp_local_search,2.5,2.0,8727235871054843904,DW_2000Q_6
958,p1,pp_local_search,2.5,2.0,2392975198541227008,DW_2000Q_6
959,p1,pp_local_search,2.5,2.0,14443052008314408960,DW_2000Q_6
960,p1,pp_local_search,2.5,2.0,4111797789702164992,DW_2000Q_6
961,p1,pp_local_search,2.5,4.0,18269839128751523840,DW_2000Q_6
962,p1,pp_local_search,2.5,4.0,10592638823123597312,DW_2000Q_6
963,p1,pp_local_search,2.5,4.0,4753129537076217856,DW_2000Q_6
964,p1,pp_local_search,2.5,4.0,15670294985081374720,DW_2000Q_6
965,p1,pp_local_search,2.5,4.0,18181206812472608768,DW_2000Q_6
966,p1,pp_local_search,2.5,4.0,12507036332030076928,DW_2000Q_6
967,p1,pp_local_search,2.5,4.0,18004447386740899840,DW_2000Q_6
968,p1,pp_local_search,2.5,4.0,15833713469006745600,DW_2000Q_6
969,p1,pp_local_search,2.5,4.0,13338802312294860800,DW_2000Q_6
970,p1,pp_local_search,2.5,4.0,18437420368922103808,DW_2000Q_6
971,p1,pp_local_search,2.5,4.0,12951357957747142656,DW_2000Q_6
972,p1,pp_local_search,2.5,4.0,4139046802188945408,DW_2000Q_6
973,p1,pp_local_search,2.5,4.0,17723181189159686144,DW_2000Q_6
974,p1,pp_local_search,2.5,4.0,6679033050850479104,DW_2000Q_6
975,p1,pp_local_search,2.5,4.0,17904660666723297280,DW_2000Q_6
976,p1,pp_local_search,2.5,4.0,17947626697093562368,DW_2000Q_6
977,p1,pp_local_search,2.5,4.0,3888698038511620608,DW_2000Q_6
978,p1,pp_local_search,2.5,4.0,18435274861245796352,DW_2000Q_6
979,p1,pp_local_search,2.5,4.0,17903367363781111808,DW_2000Q_6
980,p1,pp_local_search,2.5,4.0,15651940689280516096,DW_2000Q_6
981,p1,pp_local_search,2.5,4.0,10122987258599917568,DW_2000Q_6
982,p1,pp_local_search,2.5,4.0,16160792232845076480,DW_2000Q_6
983,p1,pp_local_search,2.5,4.0,17971449259520974848,DW_2000Q_6
984,p1,pp_local_search,2.5,4.0,17818600940495980544,DW_2000Q_6
985,p1,pp_local_search,2.5,6.0,15381231582037250048,DW_2000Q_6
986,p1,pp_local_search,2.5,6.0,18175797228181641216,DW_2000Q_6
987,p1,pp_local_search,2.5,6.0,7737858449032814592,DW_2000Q_6
988,p1,pp_local_search,2.5,6.0,17956387044355559424,DW_2000Q_6
989,p1,pp_local_search,2.5,6.0,11948175176348973056,DW_2000Q_6
990,p1,pp_local_search,2.5,6.0,16953585640589451264,DW_2000Q_6
991,p1,pp_local_search,2.5,6.0,17972851511182827520,DW_2000Q_6
992,p1,pp_local_search,2.5,6.0,13106886560500742144,DW_2000Q_6
993,p1,pp_local_search,2.5,6.0,11053172482121754624,DW_2000Q_6
994,p1,pp_local_search,2.5,6.0,17971870642042175488,DW_2000Q_6
995,p1,pp_local_search,2.5,6.0,16786557259935848448,DW_2000Q_6
996,p1,pp_local_search,2.5,6.0,10065015100258217984,DW_2000Q_6
997,p1,pp_local_search,2.5,6.0,15095195435110539264,DW_2000Q_6
998,p1,pp_local_search,2.5,6.0,17887391865565605888,DW_2000Q_6
999,p1,pp_local_search,2.5,8.0,16222244323516461056,DW_2000Q_6
1000,p1,raw,2.75,0.0,18356136589803366400,DW_2000Q_6
1001,p1,raw,2.75,2.0,4023789467323982336,DW_2000Q_6
1002,p1,raw,2.75,2.0,17906117325645484032,DW_2000Q_6
1003,p1,raw,2.75,2.0,15073352388132939776,DW_2000Q_6
1004,p1,raw,2.75,2.0,17935953028525129728,DW_2000Q_6
1005,p1,raw,2.75,2.0,5919154959940454400,DW_2000Q_6
1006,p1,raw,2.75,2.0,4363917201179015168,DW_2000Q_6
1007,p1,raw,2.75,2.0,16448891648780144640,DW_2000Q_6
1008,p1,raw,2.75,2.0,15091651923578734592,DW_2000Q_6
1009,p1,raw,2.75,2.0,18176378090969618432,DW_2000Q_6
1010,p1,raw,2.75,2.0,17273243428974166016,DW_2000Q_6
1011,p1,raw,2.75,2.0,17361367634399053824,DW_2000Q_6
1012,p1,raw,2.75,2.0,17916673339577819136,DW_2000Q_6
1013,p1,raw,2.75,2.0,13060367712802727936,DW_2000Q_6
1014,p1,raw,2.75,2.0,17692250027379900416,DW_2000Q_6
1015,p1,raw,2.75,2.0,2730649503014560256,DW_2000Q_6
1016,p1,raw,2.75,2.0,5858905776532316160,DW_2000Q_6
1017,p1,raw,2.75,2.0,9089497706742027264,DW_2000Q_6
1018,p1,raw,2.75,2.0,16542032612322338816,DW_2000Q_6
1019,p1,raw,2.75,2.0,18391805253406535680,DW_2000Q_6
1020,p1,raw,2.75,2.0,17680416587361370112,DW_2000Q_6
1021,p1,raw,2.75,2.0,17375509607545266176,DW_2000Q_6
1022,p1,raw,2.75,2.0,10373847344635301888,DW_2000Q_6
1023,p1,raw,2.75,2.0,10542440103669465088,DW_2000Q_6
1024,p1,raw,2.75,4.0,15282462898614126592,DW_2000Q_6
1025,p1,raw,2.75,4.0,16403473006118742016,DW_2000Q_6
1026,p1,raw,2.75,4.0,16505432506627969024,DW_2000Q_6
1027,p1,raw,2.75,4.0,17054274408254691328,DW_2000Q_6
1028,p1,raw,2.75,4.0,18247537000789721088,DW_2000Q_6
1029,p1,raw,2.75,4.0,16280746676842807296,DW_2000Q_6
1030,p1,raw,2.75,4.0,13023818731753111552,DW_2000Q_6
1031,p1,raw,2.75,4.0,17970775753458386944,DW_2000Q_6
1032,p1,raw,2.75,4.0,17649537715976159232,DW_2000Q_6
1033,p1,raw,2.75,4.0,17361094161090467840,DW_2000Q_6
1034,p1,raw,2.75,4.0,9307285924565909504,DW_2000Q_6
1035,p1,raw,2.75,4.0,10783260030369843200,DW_2000Q_6
1036,p1,raw,2.75,4.0,12449633934329223168,DW_2000Q_6
1037,p1,raw,2.75,4.0,13499710801465180160,DW_2000Q_6
1038,p1,raw,2.75,4.0,13359388269495994368,DW_2000Q_6
1039,p1,raw,2.75,4.0,3484939432090281472,DW_2000Q_6
1040,p1,raw,2.75,4.0,17860310661820573696,DW_2000Q_6
1041,p1,raw,2.75,4.0,11291646075035387904,DW_2000Q_6
1042,p1,raw,2.75,4.0,17840291985619838976,DW_2000Q_6
1043,p1,raw,2.75,4.0,10295197552397729792,DW_2000Q_6
1044,p1,raw,2.75,4.0,17361090467902457856,DW_2000Q_6
1045,p1,raw,2.75,4.0,16786955583014379520,DW_2000Q_6
1046,p1,raw,2.75,4.0,17194482529142726656,DW_2000Q_6
1047,p1,raw,2.75,4.0,16129362682694287360,DW_2000Q_6
1048,p1,raw,2.75,4.0,14948088387485929472,DW_2000Q_6
1049,p1,raw,2.75,4.0,12854341172283566080,DW_2000Q_6
1050,p1,raw,2.75,4.0,17323055323421476864,DW_2000Q_6
1051,p1,raw,2.75,4.0,6199768040700101632,DW_2000Q_6
1052,p1,raw,2.75,4.0,8981535733006157824,DW_2000Q_6
1053,p1,raw,2.75,4.0,12150084203792959488,DW_2000Q_6
1054,p1,raw,2.75,4.0,15000893511504588800,DW_2000Q_6
1055,p1,raw,2.75,4.0,13682570610738038784,DW_2000Q_6
1056,p1,raw,2.75,4.0,12093252955398864896,DW_2000Q_6
1057,p1,raw,2.75,4.0,10982678888848427008,DW_2000Q_6
1058,p1,raw,2.75,4.0,13321647170352267264,DW_2000Q_6
1059,p1,raw,2.75,4.0,6663598236832827392,DW_2000Q_6
1060,p1,raw,2.75,4.0,10805367931279747072,DW_2000Q_6
1061,p1,raw,2.75,6.0,5685898886982255616,DW_2000Q_6
1062,p1,raw,2.75,6.0,11640737553256759296,DW_2000Q_6
1063,p1,raw,2.75,6.0,15486826615550447616,DW_2000Q_6
1064,p1,raw,2.75,6.0,15282519052458661888,DW_2000Q_6
1065,p1,raw,2.75,6.0,16687269620984694784,DW_2000Q_6
1066,p1,raw,2.75,6.0,12427413964437495808,DW_2000Q_6
1067,p1,raw,2.75,6.0,8646558729931172864,DW_2000Q_6
1068,p1,raw,2.75,6.0,15128987985428334592,DW_2000Q_6
1069,p1,raw,2.75,6.0,13111128024446390272,DW_2000Q_6
1070,p1,raw,2.75,6.0,18086412952441618432,DW_2000Q_6
1071,p1,raw,2.75,6.0,15397650239650252800,DW_2000Q_6
1072,p1,raw,2.75,6.0,16766717716588333056,DW_2000Q_6
1073,p1,raw,2.75,6.0,16167601389498966016,DW_2000Q_6
1074,p1,raw,2.75,6.0,15512891809997932544,DW_2000Q_6
1075,p1,raw,2.75,6.0,10725060943351330816,DW_2000Q_6
1076,p1,raw,2.75,6.0,14622848594411905024,DW_2000Q_6
1077,p1,raw,2.75,6.0,10805891450750261248,DW_2000Q_6
1078,p1,raw,2.75,6.0,9873259694525302784,DW_2000Q_6
1079,p1,raw,2.75,6.0,17606776604894162944,DW_2000Q_6
1080,p1,raw,2.75,6.0,14716660422242019328,DW_2000Q_6
1081,p1,raw,2.75,6.0,12749764565277845504,DW_2000Q_6
1082,p1,raw,2.75,6.0,6121471937437095936,DW_2000Q_6
1083,p1,raw,2.75,6.0,18218955815216431104,DW_2000Q_6
1084,p1,raw,2.75,6.0,17561620897597923328,DW_2000Q_6
1085,p1,raw,2.75,6.0,14824579087556558848,DW_2000Q_6
1086,p1,raw,2.75,6.0,1100133553264869504,DW_2000Q_6
1087,p1,raw,2.75,6.0,1134455237359154816,DW_2000Q_6
1088,p1,raw,2.75,8.0,15413039416702521344,DW_2000Q_6
1089,p1,raw,2.75,8.0,13285994191729907712,DW_2000Q_6
1090,p1,raw,2.75,8.0,17669138153913915392,DW_2000Q_6
1091,p1,raw,2.75,8.0,10887101536149465088,DW_2000Q_6
1092,p1,raw,2.75,8.0,11877499974484590592,DW_2000Q_6
1093,p1,raw,2.75,8.0,15834447561596295168,DW_2000Q_6
1094,p1,raw,2.75,8.0,16190826992703361024,DW_2000Q_6
1095,p1,raw,2.75,8.0,4440090882901292544,DW_2000Q_6
1096,p1,raw,2.75,8.0,17671823400749121536,DW_2000Q_6
1097,p1,raw,2.75,10.0,17349940682291275776,DW_2000Q_6
1098,p1,raw,2.75,10.0,16762157730219644928,DW_2000Q_6
1099,p1,raw,2.75,10.0,8999532701845245952,DW_2000Q_6
1100,p1,pp_local_search,2.75,0.0,18391805253406535680,DW_2000Q_6
1101,p1,pp_local_search,2.75,0.0,18356136589803366400,DW_2000Q_6
1102,p1,pp_local_search,2.75,2.0,4023789467323982336,DW_2000Q_6
1103,p1,pp_local_search,2.75,2.0,15000893786382495744,DW_2000Q_6
1104,p1,pp_local_search,2.75,2.0,18176378090969618432,DW_2000Q_6
1105,p1,pp_local_search,2.75,2.0,16448891648780144640,DW_2000Q_6
1106,p1,pp_local_search,2.75,2.0,13246174460005711872,DW_2000Q_6
1107,p1,pp_local_search,2.75,2.0,15073352388132939776,DW_2000Q_6
1108,p1,pp_local_search,2.75,2.0,10982679026287380480,DW_2000Q_6
1109,p1,pp_local_search,2.75,2.0,10542440103669465088,DW_2000Q_6
1110,p1,pp_local_search,2.75,2.0,17361090467902457856,DW_2000Q_6
1111,p1,pp_local_search,2.75,2.0,9089497706742027264,DW_2000Q_6
1112,p1,pp_local_search,2.75,2.0,2730649503014560256,DW_2000Q_6
1113,p1,pp_local_search,2.75,2.0,17692250027379900416,DW_2000Q_6
1114,p1,pp_local_search,2.75,2.0,17906117325645484032,DW_2000Q_6
1115,p1,pp_local_search,2.75,2.0,17606776604894162944,DW_2000Q_6
1116,p1,pp_local_search,2.75,2.0,1100133553264869504,DW_2000Q_6
1117,p1,pp_local_search,2.75,2.0,17935953028525129728,DW_2000Q_6
1118,p1,pp_local_search,2.75,2.0,5919154959940454400,DW_2000Q_6
1119,p1,pp_local_search,2.75,2.0,4363917201179015168,DW_2000Q_6
1120,p1,pp_local_search,2.75,2.0,13060367712802727936,DW_2000Q_6
1121,p1,pp_local_search,2.75,2.0,15091651923578734592,DW_2000Q_6
1122,p1,pp_local_search,2.75,2.0,17273243428974166016,DW_2000Q_6
1123,p1,pp_local_search,2.75,2.0,17361367634399053824,DW_2000Q_6
1124,p1,pp_local_search,2.75,2.0,17970775753458419712,DW_2000Q_6
1125,p1,pp_local_search,2.75,2.0,17375509607545266176,DW_2000Q_6
1126,p1,pp_local_search,2.75,2.0,5685898886982255616,DW_2000Q_6
1127,p1,pp_local_search,2.75,2.0,17680416587361370112,DW_2000Q_6
1128,p1,pp_local_search,2.75,2.0,16542032612322338816,DW_2000Q_6
1129,p1,pp_local_search,2.75,2.0,10373847344635301888,DW_2000Q_6
1130,p1,pp_local_search,2.75,2.0,17916673339577819136,DW_2000Q_6
1131,p1,pp_local_search,2.75,2.0,16766647347844155392,DW_2000Q_6
1132,p1,pp_local_search,2.75,2.0,13682570610738038784,DW_2000Q_6
1133,p1,pp_local_search,2.75,2.0,6199768040700101632,DW_2000Q_6
1134,p1,pp_local_search,2.75,2.0,12749768963324372992,DW_2000Q_6
1135,p1,pp_local_search,2.75,2.0,17840291985619838976,DW_2000Q_6
1136,p1,pp_local_search,2.75,2.0,17194482529142726656,DW_2000Q_6
1137,p1,pp_local_search,2.75,2.0,5858905776532316160,DW_2000Q_6
1138,p1,pp_local_search,2.75,4.0,13359388269495994368,DW_2000Q_6
1139,p1,pp_local_search,2.75,4.0,15282462898614126592,DW_2000Q_6
1140,p1,pp_local_search,2.75,4.0,13023818731753111552,DW_2000Q_6
1141,p1,pp_local_search,2.75,4.0,9307285924565909504,DW_2000Q_6
1142,p1,pp_local_search,2.75,4.0,15282519052458661888,DW_2000Q_6
1143,p1,pp_local_search,2.75,4.0,16167601389498966016,DW_2000Q_6
1144,p1,pp_local_search,2.75,4.0,9873259694525302784,DW_2000Q_6
1145,p1,pp_local_search,2.75,4.0,16687269620984694784,DW_2000Q_6
1146,p1,pp_local_search,2.75,4.0,10783260030369843200,DW_2000Q_6
1147,p1,pp_local_search,2.75,4.0,15128987985428334592,DW_2000Q_6
1148,p1,pp_local_search,2.75,4.0,10725131312095508480,DW_2000Q_6
1149,p1,pp_local_search,2.75,4.0,18086412952441618432,DW_2000Q_6
1150,p1,pp_local_search,2.75,4.0,17349940682291275776,DW_2000Q_6
1151,p1,pp_local_search,2.75,4.0,8646558729931172864,DW_2000Q_6
1152,p1,pp_local_search,2.75,4.0,18247537000789721088,DW_2000Q_6
1153,p1,pp_local_search,2.75,4.0,17649537715976159232,DW_2000Q_6
1154,p1,pp_local_search,2.75,4.0,17860310661820573696,DW_2000Q_6
1155,p1,pp_local_search,2.75,4.0,17361094161090467840,DW_2000Q_6
1156,p1,pp_local_search,2.75,4.0,16280746676842807296,DW_2000Q_6
1157,p1,pp_local_search,2.75,4.0,11640737553256759296,DW_2000Q_6
1158,p1,pp_local_search,2.75,4.0,13499710801465180160,DW_2000Q_6
1159,p1,pp_local_search,2.75,4.0,15397650377089206272,DW_2000Q_6
1160,p1,pp_local_search,2.75,4.0,11291646075035387904,DW_2000Q_6
1161,p1,pp_local_search,2.75,4.0,18218955815216431104,DW_2000Q_6
1162,p1,pp_local_search,2.75,4.0,10805367931279747072,DW_2000Q_6
1163,p1,pp_local_search,2.75,4.0,13321647170352267264,DW_2000Q_6
1164,p1,pp_local_search,2.75,4.0,12150084203792959488,DW_2000Q_6
1165,p1,pp_local_search,2.75,4.0,12427413964437495808,DW_2000Q_6
1166,p1,pp_local_search,2.75,4.0,14948088387485929472,DW_2000Q_6
1167,p1,pp_local_search,2.75,4.0,15834447561596295168,DW_2000Q_6
1168,p1,pp_local_search,2.75,4.0,16786955583014379520,DW_2000Q_6
1169,p1,pp_local_search,2.75,4.0,15486826615550447616,DW_2000Q_6
1170,p1,pp_local_search,2.75,4.0,10295197552397729792,DW_2000Q_6
1171,p1,pp_local_search,2.75,4.0,16129362682694287360,DW_2000Q_6
1172,p1,pp_local_search,2.75,4.0,6121471937437095936,DW_2000Q_6
1173,p1,pp_local_search,2.75,4.0,17323055323421476864,DW_2000Q_6
1174,p1,pp_local_search,2.75,4.0,8981535733006157824,DW_2000Q_6
1175,p1,pp_local_search,2.75,4.0,14824543903184470016,DW_2000Q_6
1176,p1,pp_local_search,2.75,4.0,12854341172283566080,DW_2000Q_6
1177,p1,pp_local_search,2.75,4.0,6663598236832827392,DW_2000Q_6
1178,p1,pp_local_search,2.75,4.0,10805892000506075136,DW_2000Q_6
1179,p1,pp_local_search,2.75,4.0,3484939432090281472,DW_2000Q_6
1180,p1,pp_local_search,2.75,4.0,12449633934329223168,DW_2000Q_6
1181,p1,pp_local_search,2.75,4.0,16403473006118742016,DW_2000Q_6
1182,p1,pp_local_search,2.75,4.0,17054274408254691328,DW_2000Q_6
1183,p1,pp_local_search,2.75,4.0,14716660422242019328,DW_2000Q_6
1184,p1,pp_local_search,2.75,4.0,16505432506627969024,DW_2000Q_6
1185,p1,pp_local_search,2.75,6.0,1134455237359154816,DW_2000Q_6
1186,p1,pp_local_search,2.75,6.0,15413039416685744128,DW_2000Q_6
1187,p1,pp_local_search,2.75,6.0,17561620897597923328,DW_2000Q_6
1188,p1,pp_local_search,2.75,6.0,17669138153913915392,DW_2000Q_6
1189,p1,pp_local_search,2.75,6.0,11877499974484590592,DW_2000Q_6
1190,p1,pp_local_search,2.75,6.0,16190826992703361024,DW_2000Q_6
1191,p1,pp_local_search,2.75,6.0,13285994191729907712,DW_2000Q_6
1192,p1,pp_local_search,2.75,6.0,4584206070977148416,DW_2000Q_6
1193,p1,pp_local_search,2.75,6.0,14622848594411905024,DW_2000Q_6
1194,p1,pp_local_search,2.75,6.0,13111128024446390272,DW_2000Q_6
1195,p1,pp_local_search,2.75,6.0,10887101536149465088,DW_2000Q_6
1196,p1,pp_local_search,2.75,6.0,18222904738700021760,DW_2000Q_6
1197,p1,pp_local_search,2.75,6.0,15512891809997932544,DW_2000Q_6
1198,p1,pp_local_search,2.75,8.0,16762157730219644928,DW_2000Q_6
1199,p1,pp_local_search,2.75,8.0,17671823400749121536,DW_2000Q_6
1200,p1,raw,3.0,0.0,18433355553260341248,DW_2000Q_6
1201,p1,raw,3.0,0.0,18268981857352714240,DW_2000Q_6
1202,p1,raw,3.0,0.0,18349934100750991360,DW_2000Q_6
1203,p1,raw,3.0,0.0,18388687265399320576,DW_2000Q_6
1204,p1,raw,3.0,0.0,18282089521856743424,DW_2000Q_6
1205,p1,raw,3.0,2.0,14688202159512035328,DW_2000Q_6
1206,p1,raw,3.0,2.0,16772526668471207936,DW_2000Q_6
1207,p1,raw,3.0,2.0,3825558795366044672,DW_2000Q_6
1208,p1,raw,3.0,2.0,13936415375850276864,DW_2000Q_6
1209,p1,raw,3.0,2.0,18392615310619279360,DW_2000Q_6
1210,p1,raw,3.0,2.0,18182759726044497920,DW_2000Q_6
1211,p1,raw,3.0,2.0,18292145038234630144,DW_2000Q_6
1212,p1,raw,3.0,2.0,17502487203646623744,DW_2000Q_6
1213,p1,raw,3.0,2.0,12706814989172156416,DW_2000Q_6
1214,p1,raw,3.0,2.0,15655922310956699648,DW_2000Q_6
1215,p1,raw,3.0,2.0,11295241182310371328,DW_2000Q_6
1216,p1,raw,3.0,2.0,18362938269444352000,DW_2000Q_6
1217,p1,raw,3.0,2.0,3543279462335162368,DW_2000Q_6
1218,p1,raw,3.0,2.0,9080963093186889728,DW_2000Q_6
1219,p1,raw,3.0,2.0,3460413462171599872,DW_2000Q_6
1220,p1,raw,3.0,2.0,1577758650413903360,DW_2000Q_6
1221,p1,raw,3.0,4.0,17106894689737392128,DW_2000Q_6
1222,p1,raw,3.0,4.0,8820391085579535360,DW_2000Q_6
1223,p1,raw,3.0,4.0,15595345020949243904,DW_2000Q_6
1224,p1,raw,3.0,4.0,13354715166635026432,DW_2000Q_6
1225,p1,raw,3.0,4.0,18288090458631778304,DW_2000Q_6
1226,p1,raw,3.0,4.0,13269665979893270528,DW_2000Q_6
1227,p1,raw,3.0,4.0,10954105735005151232,DW_2000Q_6
1228,p1,raw,3.0,4.0,4500414243063666176,DW_2000Q_6
1229,p1,raw,3.0,4.0,4658236631413075968,DW_2000Q_6
1230,p1,raw,3.0,4.0,12749712183318343680,DW_2000Q_6
1231,p1,raw,3.0,4.0,14782749183211749376,DW_2000Q_6
1232,p1,raw,3.0,4.0,18355746178519736320,DW_2000Q_6
1233,p1,raw,3.0,4.0,16656283847012618240,DW_2000Q_6
1234,p1,raw,3.0,4.0,16707711541104840704,DW_2000Q_6
1235,p1,raw,3.0,4.0,10482070618453907456,DW_2000Q_6
1236,p1,raw,3.0,4.0,18351264621421101056,DW_2000Q_6
1237,p1,raw,3.0,4.0,17003104082620452864,DW_2000Q_6
1238,p1,raw,3.0,4.0,18151254938062721024,DW_2000Q_6
1239,p1,raw,3.0,4.0,16563712266673739776,DW_2000Q_6
1240,p1,raw,3.0,4.0,14652403874485209088,DW_2000Q_6
1241,p1,raw,3.0,4.0,17324586096043896832,DW_2000Q_6
1242,p1,raw,3.0,4.0,12713131921198135296,DW_2000Q_6
1243,p1,raw,3.0,4.0,17952161653037981696,DW_2000Q_6
1244,p1,raw,3.0,4.0,12486027529710692352,DW_2000Q_6
1245,p1,raw,3.0,4.0,18423588086356103168,DW_2000Q_6
1246,p1,raw,3.0,4.0,2906633068561944576,DW_2000Q_6
1247,p1,raw,3.0,4.0,17380778982349166592,DW_2000Q_6
1248,p1,raw,3.0,4.0,18250864881797801984,DW_2000Q_6
1249,p1,raw,3.0,6.0,10695172797818542080,DW_2000Q_6
1250,p1,raw,3.0,6.0,16191778805308780544,DW_2000Q_6
1251,p1,raw,3.0,6.0,11287541168717776896,DW_2000Q_6
1252,p1,raw,3.0,6.0,15624902218968043520,DW_2000Q_6
1253,p1,raw,3.0,6.0,16798999776524109824,DW_2000Q_6
1254,p1,raw,3.0,6.0,17952940884425437184,DW_2000Q_6
1255,p1,raw,3.0,6.0,18052083333135976448,DW_2000Q_6
1256,p1,raw,3.0,6.0,5455125382340420608,DW_2000Q_6
1257,p1,raw,3.0,6.0,18294277727233931264,DW_2000Q_6
1258,p1,raw,3.0,6.0,13829405244799813632,DW_2000Q_6
1259,p1,raw,3.0,6.0,16171037715250776064,DW_2000Q_6
1260,p1,raw,3.0,6.0,5289182030991442944,DW_2000Q_6
1261,p1,raw,3.0,6.0,5711819643959267328,DW_2000Q_6
1262,p1,raw,3.0,6.0,17112805993744484352,DW_2000Q_6
1263,p1,raw,3.0,6.0,18252736632971870208,DW_2000Q_6
1264,p1,raw,3.0,6.0,16790816772189544448,DW_2000Q_6
1265,p1,raw,3.0,6.0,12092017886577838080,DW_2000Q_6
1266,p1,raw,3.0,6.0,17924917371444318208,DW_2000Q_6
1267,p1,raw,3.0,6.0,15255287450330155008,DW_2000Q_6
1268,p1,raw,3.0,6.0,2010698499878481408,DW_2000Q_6
1269,p1,raw,3.0,6.0,17896270839413514240,DW_2000Q_6
1270,p1,raw,3.0,6.0,12972296456624435200,DW_2000Q_6
1271,p1,raw,3.0,6.0,17496759877746638848,DW_2000Q_6
1272,p1,raw,3.0,6.0,12326768560771125248,DW_2000Q_6
1273,p1,raw,3.0,6.0,2628083352013724672,DW_2000Q_6
1274,p1,raw,3.0,6.0,17426172462684811264,DW_2000Q_6
1275,p1,raw,3.0,6.0,18444160395183734784,DW_2000Q_6
1276,p1,raw,3.0,6.0,8657661934372155392,DW_2000Q_6
1277,p1,raw,3.0,6.0,17304402215970979840,DW_2000Q_6
1278,p1,raw,3.0,6.0,10472349248742469632,DW_2000Q_6
1279,p1,raw,3.0,6.0,4027587679167206912,DW_2000Q_6
1280,p1,raw,3.0,8.0,11571400986580619264,DW_2000Q_6
1281,p1,raw,3.0,8.0,10116530450618363904,DW_2000Q_6
1282,p1,raw,3.0,8.0,3942421408881034752,DW_2000Q_6
1283,p1,raw,3.0,8.0,17908977787126876160,DW_2000Q_6
1284,p1,raw,3.0,8.0,4038920902397954048,DW_2000Q_6
1285,p1,raw,3.0,8.0,18346760127506411520,DW_2000Q_6
1286,p1,raw,3.0,8.0,17894010405214703616,DW_2000Q_6
1287,p1,raw,3.0,8.0,4069516219381416960,DW_2000Q_6
1288,p1,raw,3.0,8.0,18218405741787332608,DW_2000Q_6
1289,p1,raw,3.0,8.0,10472804194879586304,DW_2000Q_6
1290,p1,raw,3.0,8.0,17321711950768324608,DW_2000Q_6
1291,p1,raw,3.0,8.0,17935277529030780928,DW_2000Q_6
1292,p1,raw,3.0,8.0,18412157795345260544,DW_2000Q_6
1293,p1,raw,3.0,10.0,18326677103628273664,DW_2000Q_6
1294,p1,raw,3.0,10.0,8126144941098134528,DW_2000Q_6
1295,p1,raw,3.0,10.0,17460204657269016576,DW_2000Q_6
1296,p1,raw,3.0,10.0,1329953546104804352,DW_2000Q_6
1297,p1,raw,3.0,12.0,12187245256632377344,DW_2000Q_6
1298,p1,raw,3.0,12.0,16729856159982589952,DW_2000Q_6
1299,p1,raw,3.0,12.0,10972679868998012928,DW_2000Q_6
1300,p1,pp_local_search,3.0,0.0,18388687265399320576,DW_2000Q_6
1301,p1,pp_local_search,3.0,0.0,18282089521856743424,DW_2000Q_6
1302,p1,pp_local_search,3.0,0.0,18351264621421101056,DW_2000Q_6
1303,p1,pp_local_search,3.0,0.0,18268981857352714240,DW_2000Q_6
1304,p1,pp_local_search,3.0,0.0,18265727498351331328,DW_2000Q_6
1305,p1,pp_local_search,3.0,0.0,18433355553260341248,DW_2000Q_6
1306,p1,pp_local_search,3.0,0.0,18349934100750991360,DW_2000Q_6
1307,p1,pp_local_search,3.0,2.0,3543279462335162368,DW_2000Q_6
1308,p1,pp_local_search,3.0,2.0,17380778982349166592,DW_2000Q_6
1309,p1,pp_local_search,3.0,2.0,16563712266673739776,DW_2000Q_6
1310,p1,pp_local_search,3.0,2.0,18392615310619279360,DW_2000Q_6
1311,p1,pp_local_search,3.0,2.0,16772526668471207936,DW_2000Q_6
1312,p1,pp_local_search,3.0,2.0,18444160395183734784,DW_2000Q_6
1313,p1,pp_local_search,3.0,2.0,13936415375850276864,DW_2000Q_6
1314,p1,pp_local_search,3.0,2.0,18288090458631778304,DW_2000Q_6
1315,p1,pp_local_search,3.0,2.0,3825558795366044672,DW_2000Q_6
1316,p1,pp_local_search,3.0,2.0,14688202159512035328,DW_2000Q_6
1317,p1,pp_local_search,3.0,2.0,11295241182310371328,DW_2000Q_6
1318,p1,pp_local_search,3.0,2.0,15655922310956699648,DW_2000Q_6
1319,p1,pp_local_search,3.0,2.0,18292145038234630144,DW_2000Q_6
1320,p1,pp_local_search,3.0,2.0,12706814989172156416,DW_2000Q_6
1321,p1,pp_local_search,3.0,2.0,4658236631413075968,DW_2000Q_6
1322,p1,pp_local_search,3.0,2.0,18182759726044497920,DW_2000Q_6
1323,p1,pp_local_search,3.0,2.0,18355746174224769024,DW_2000Q_6
1324,p1,pp_local_search,3.0,2.0,17502487203646623744,DW_2000Q_6
1325,p1,pp_local_search,3.0,2.0,17321430475791613952,DW_2000Q_6
1326,p1,pp_local_search,3.0,2.0,11287541168717776896,DW_2000Q_6
1327,p1,pp_local_search,3.0,2.0,17304402215970979840,DW_2000Q_6
1328,p1,pp_local_search,3.0,2.0,18423588086356103168,DW_2000Q_6
1329,p1,pp_local_search,3.0,2.0,18052083333135976448,DW_2000Q_6
1330,p1,pp_local_search,3.0,2.0,17952161103282167808,DW_2000Q_6
1331,p1,pp_local_search,3.0,2.0,9080963093186889728,DW_2000Q_6
1332,p1,pp_local_search,3.0,2.0,17003104082620452864,DW_2000Q_6
1333,p1,pp_local_search,3.0,2.0,17324586096043896832,DW_2000Q_6
1334,p1,pp_local_search,3.0,2.0,14652403874485209088,DW_2000Q_6
1335,p1,pp_local_search,3.0,2.0,3460413462171599872,DW_2000Q_6
1336,p1,pp_local_search,3.0,2.0,1577758650413903360,DW_2000Q_6
1337,p1,pp_local_search,3.0,2.0,18362938269444352000,DW_2000Q_6
1338,p1,pp_local_search,3.0,4.0,12972296456624435200,DW_2000Q_6
1339,p1,pp_local_search,3.0,4.0,5455125382340420608,DW_2000Q_6
1340,p1,pp_local_search,3.0,4.0,3942421408881034752,DW_2000Q_6
1341,p1,pp_local_search,3.0,4.0,10116530459208298496,DW_2000Q_6
1342,p1,pp_local_search,3.0,4.0,14782749183211749376,DW_2000Q_6
1343,p1,pp_local_search,3.0,4.0,10954105735005151232,DW_2000Q_6
1344,p1,pp_local_search,3.0,4.0,15624902219035152384,DW_2000Q_6
1345,p1,pp_local_search,3.0,4.0,13269665979893270528,DW_2000Q_6
1346,p1,pp_local_search,3.0,4.0,10695172797818542080,DW_2000Q_6
1347,p1,pp_local_search,3.0,4.0,13354715166635026432,DW_2000Q_6
1348,p1,pp_local_search,3.0,4.0,10472804194879586304,DW_2000Q_6
1349,p1,pp_local_search,3.0,4.0,16707711541104840704,DW_2000Q_6
1350,p1,pp_local_search,3.0,4.0,15595345020949243904,DW_2000Q_6
1351,p1,pp_local_search,3.0,4.0,18250864881797801984,DW_2000Q_6
1352,p1,pp_local_search,3.0,4.0,8820391085579535360,DW_2000Q_6
1353,p1,pp_local_search,3.0,4.0,4038920902397954048,DW_2000Q_6
1354,p1,pp_local_search,3.0,4.0,17106894689737392128,DW_2000Q_6
1355,p1,pp_local_search,3.0,4.0,17496759877746638848,DW_2000Q_6
1356,p1,pp_local_search,3.0,4.0,16790816772189544448,DW_2000Q_6
1357,p1,pp_local_search,3.0,4.0,2906633068561944576,DW_2000Q_6
1358,p1,pp_local_search,3.0,4.0,12713131921198135296,DW_2000Q_6
1359,p1,pp_local_search,3.0,4.0,12486027529710692352,DW_2000Q_6
1360,p1,pp_local_search,3.0,4.0,12326768560771125248,DW_2000Q_6
1361,p1,pp_local_search,3.0,4.0,18151254938062721024,DW_2000Q_6
1362,p1,pp_local_search,3.0,4.0,10482070618453907456,DW_2000Q_6
1363,p1,pp_local_search,3.0,4.0,2628082252502096896,DW_2000Q_6
1364,p1,pp_local_search,3.0,4.0,16656283847012618240,DW_2000Q_6
1365,p1,pp_local_search,3.0,4.0,12190622956352905216,DW_2000Q_6
1366,p1,pp_local_search,3.0,4.0,4500414243063666176,DW_2000Q_6
1367,p1,pp_local_search,3.0,4.0,16798999776523978752,DW_2000Q_6
1368,p1,pp_local_search,3.0,4.0,10972679868981235712,DW_2000Q_6
1369,p1,pp_local_search,3.0,4.0,16191779080186687488,DW_2000Q_6
1370,p1,pp_local_search,3.0,4.0,12749712183318343680,DW_2000Q_6
1371,p1,pp_local_search,3.0,4.0,17908977782831908864,DW_2000Q_6
1372,p1,pp_local_search,3.0,4.0,17952940884425437184,DW_2000Q_6
1373,p1,pp_local_search,3.0,4.0,12092017886577838080,DW_2000Q_6
1374,p1,pp_local_search,3.0,6.0,18412157795345260544,DW_2000Q_6
1375,p1,pp_local_search,3.0,6.0,18294277727233931264,DW_2000Q_6
1376,p1,pp_local_search,3.0,6.0,13829405244799813632,DW_2000Q_6
1377,p1,pp_local_search,3.0,6.0,17896270839413514240,DW_2000Q_6
1378,p1,pp_local_search,3.0,6.0,5289182030991442944,DW_2000Q_6
1379,p1,pp_local_search,3.0,6.0,5711819643959267328,DW_2000Q_6
1380,p1,pp_local_search,3.0,6.0,18252736632971870208,DW_2000Q_6
1381,p1,pp_local_search,3.0,6.0,18346760127506409472,DW_2000Q_6
1382,p1,pp_local_search,3.0,6.0,17924917371444318208,DW_2000Q_6
1383,p1,pp_local_search,3.0,6.0,15255287450330155008,DW_2000Q_6
1384,p1,pp_local_search,3.0,6.0,2010698499878481408,DW_2000Q_6
1385,p1,pp_local_search,3.0,6.0,18218405741820887040,DW_2000Q_6
1386,p1,pp_local_search,3.0,6.0,11571400986580619264,DW_2000Q_6
1387,p1,pp_local_search,3.0,6.0,17426172462684811264,DW_2000Q_6
1388,p1,pp_local_search,3.0,6.0,4027587679167206912,DW_2000Q_6
1389,p1,pp_local_search,3.0,6.0,10472349248742469632,DW_2000Q_6
1390,p1,pp_local_search,3.0,6.0,8657661934372155392,DW_2000Q_6
1391,p1,pp_local_search,3.0,6.0,16171037715250776064,DW_2000Q_6
1392,p1,pp_local_search,3.0,6.0,16801913754020517888,DW_2000Q_6
1393,p1,pp_local_search,3.0,8.0,17894010405214703616,DW_2000Q_6
1394,p1,pp_local_search,3.0,8.0,17460204657269016576,DW_2000Q_6
1395,p1,pp_local_search,3.0,8.0,1329953546104804352,DW_2000Q_6
1396,p1,pp_local_search,3.0,8.0,18326677103628273664,DW_2000Q_6
1397,p1,pp_local_search,3.0,8.0,8126144941098134528,DW_2000Q_6
1398,p1,pp_local_search,3.0,8.0,4069516219381416960,DW_2000Q_6
1399,p1,pp_local_search,3.0,8.0,17935277529030780928,DW_2000Q_6
